Nome;cluster
Alicorn Quiver;1
Blue Quiver;5
Candy-Coated Quiver;4
Eldritch Quiver;5
Jungle Quiver;3
Naga Quiver;5
Quiver;5
Red Quiver;5
Amethyst Necklace;0
Amulet of Loss;5
Amulet of Theurgy;3
Ancient Amulet;3
Beetle Necklace;5
Bonfire Amulet;2
Broken Amulet;0
Bronze Amulet;3
Bronze Necklace;0
Candy Necklace;4
Collar of Blue Plasma;3
Collar of Green Plasma;3
Collar of Orange Plasma;3
Collar of Red Plasma;2
Crystal Necklace;3
Demonbone Amulet;3
Diamond Necklace;0
Dragon Necklace;3
Elven Amulet;2
Emerald Necklace;0
Enchanted Merudri Brooch;2
Enchanted Pendulet;2
Enchanted Sleep Shawl;3
Enchanted Theurgic Amulet;2
Enchanted Turtle Amulet;2
Enchanted Werewolf Amulet;1
Exotic Amulet;2
Ferumbras' Amulet;3
Foxtail Amulet;2
Garlic Necklace;3
Garnet Necklace;0
Gearwheel Chain;5
Gill Necklace;5
Glacier Amulet;3
Glooth Amulet;3
Golden Amulet;0
Golden Hyaena Pendant;0
Golden Scorpion Pendant;0
Greater Garlic Necklace;5
Harmony Amulet;2
Jerom's Family Necklace;0
Koshei's Ancient Amulet;2
Leviathan's Amulet;3
Lightning Pendant;2
Lion Amulet;2
Magma Amulet;3
Merudri Brooch;2
Necklace of the Deep;3
Onyx Pendant;5
Ornamented Brooch;5
Paw Amulet;0
Pendulet;5
Platinum Amulet;3
Prismatic Necklace;1
Protection Amulet;3
Rainbow Necklace;1
Rhodolith Necklace;0
Ruby Necklace;3
Sacred Tree Amulet;3
Sapphire Amulet;0
Sapphire Necklace;0
Scarab Amulet;3
Scarf;3
Shockwave Amulet;1
Shrunken Head Necklace;5
Silver Amulet;3
Silver Necklace;0
Sleep Shawl;5
Star Amulet;0
Stone Skin Amulet;3
Strange Talisman;3
Terra Amulet;3
The Cobra Amulet;0
The Eye of Suon;5
The Lion's Heart;5
Traditional Neckerchief;5
Turtle Amulet;3
Wailing Widow's Necklace;1
Werewolf Amulet;3
Wolf Tooth Chain;3
Wolf Tooth Chain (Quest);5
Alicorn Ring;2
Arboreal Ring;2
Arcanomancer Sigil;2
Axe Ring;2
Blister Ring;5
Broken Ring of Ending;5
Broken Wedding Ring;0
Butterfly Ring;3
Charged Alicorn Ring;2
Charged Arboreal Ring;2
Charged Arcanomancer Sigil;2
Charged Ethereal Ring;2
Charged Spiritthorn Ring;2
Claw of 'The Noxious Spawn';3
Club Ring;3
Crystal Ring;3
Death Ring;3
Dwarven Ring;3
Enchanted Blister Ring;1
Enchanted Ring of Souls;2
Energy Ring;3
Engraved Wedding Ring;0
Ethereal Ring;2
Family Signet Ring;0
Frozen Claw;5
Gold Ring;3
Horn (Ring);0
Life Ring;3
Lion Ring;0
Might Ring;2
Power Ring;3
Prismatic Ring;1
Rerun's Ring;5
Ring of Blue Plasma;3
Ring of Ending;1
Ring of Green Plasma;3
Ring of Healing;3
Ring of Orange Plasma;3
Ring of Red Plasma;2
Ring of Secret Thoughts;2
Ring of Secret Thoughts (Charged);5
Ring of Souls;3
Ring of Temptation;5
Ring of the Sky;3
Ring of Wishes;0
Shapeshifter Ring;5
Signet Ring;0
Spiritthorn Ring;2
Star Ring;0
Stealth Ring;3
Suspicious Signet Ring;0
Sweetheart Ring;5
Sword Ring;2
Time Ring;3
Unstable Ring of Ending;5
Vampire's Signet Ring;0
Wedding Ring;0
Quagmire Rod;3
Tempest Rod;3
Volcanic Rod;3
Wand of Plague;3
Albino Plate;4
Amazon Armor;2
Arcane Dragon Robe;2
Ball Gown;4
Bear Skin;2
Belted Cape;3
Blue Robe;3
Brass Armor;3
Broken Iks Cuirass;5
Buckle;5
Burial Shroud;5
Calopteryx Cape;3
Cape;3
Chain Armor;3
Coat;3
Crown Armor;3
Crystalline Armor;2
Dark Armor;3
Dark Lord's Cape;2
Dauntless Dragon Scale Armor;2
Dawnfire Sherwani;2
Death Oyoroi;2
Demon Armor;3
Depth Lorica;2
Divine Plate;3
Doublet;3
Dragon Robe;2
Dragon Scale Mail;3
Dream Shroud;3
Earthborn Titan Armor;2
Earthheart Cuirass;2
Earthheart Hauberk;2
Earthheart Platemail;2
Earthmind Raiment;2
Earthsoul Tabard;2
Eldritch Cuirass;2
Elite Draken Mail;2
Elven Mail;5
Embrace of Nature;2
Energy Robe;2
Ethno Coat;3
Falcon Plate;2
Fireborn Giant Armor;2
Fireheart Cuirass;2
Fireheart Hauberk;2
Fireheart Platemail;2
Firemind Raiment;2
Firesoul Tabard;2
Flower Dress;4
Focus Cape;3
Frostheart Cuirass;2
Frostheart Hauberk;2
Frostheart Platemail;2
Frostmind Raiment;2
Frostsoul Tabard;2
Frozen Plate;2
Fur Armor;3
Furious Frock;2
Ghazbaran Oyoroi;2
Ghost Chestplate;3
Gill Coat;3
Girl's Dress;4
Glacier Robe;3
Glooth Cape;3
Gnome Armor;2
Gnomish Cuirass;2
Golden Armor;3
Goo Shell;5
Green Demon Armor;3
Green Tunic;3
Greenwood Coat;2
Heat Core;1
Heavy Metal T-Shirt;5
Hibiscus Dress;3
Ice Robe;2
Jacket;5
Knight Armor;3
Lavos Armor;2
Leaf Robe;2
Leather Armor;3
Leather Harness;5
Leopard Armor;3
Lightning Robe;2
Lion Plate;2
Living Armor;2
Magic Plate Armor;3
Magician's Robe;3
Magma Coat;2
Magma Robe;2
Mammoth Fur Cape;3
Master Archer's Armor;2
Merudri Battle Mail;2
Merudri Nanbando;2
Merudri Scale Mail;2
Midnight Tunic;2
Molten Plate;5
Monk Robe;2
Mooh'tah Plate;2
Mutated Skin Armor;2
Mystical Dragon Robe;2
Naga Tanko;2
Native Armor;2
Noble Armor;2
Norcferatu Bloodhide;2
Norcferatu Bonecloak;2
Norcferatu Tuskplate;2
Oceanborn Leviathan Armor;2
Old Cape;0
Ornate Chestplate;2
Pair of Old Bracers;5
Paladin Armor;2
Pirate Shirt;5
Plain Monk Robe;2
Plate Armor;3
Prismatic Armor;2
Ranger's Cloak;3
Red Robe;3
Red Tunic;5
Robe of Enlightenment;2
Robe of the Ice Queen;2
Robe of the Underworld;2
Royal Draken Mail;2
Royal Scale Robe;2
Scale Armor;3
Simple Dress;3
Skullcracker Armor;2
Soulgarb;2
Soulmantle;2
Soulshell;2
Soulshroud;2
Spectral Dress;1
Spellweaver's Robe;3
Spirit Bind;2
Spirit Cloak;3
Spiritthorn Armor;2
Stoic Iks Chestplate;2
Stoic Iks Cuirass;2
Stoic Iks Robe;2
Studded Armor;3
Summer Dress;5
Swamplair Armor;2
Swan Feather Cloak;2
Terra Mantle;3
The Rain Coat;5
Thunderheart Cuirass;2
Thunderheart Hauberk;2
Thunderheart Platemail;2
Thundermind Raiment;2
Thundersoul Tabard;2
Toga Mortis;2
Traditional Shirt;4
Tunic;5
Unerring Dragon Scale Armor;2
Velvet Mantle;2
Voltage Armor;2
White Dress;5
Windborn Colossus Armor;2
Witchhunter's Coat;2
Yalahari Armor;2
Zaoan Armor;3
Zaoan Monk Robe;3
Zaoan Robe;3
Alchemist's Boots;2
Badger Boots;5
Boots of Enlightenment;2
Boots of Haste;3
Boots of Homecoming;5
Boots of Waterwalking;5
Broken Iks Sandals;5
Bunnyslippers;5
Cobra Boots;2
Coconut Shoes;5
Crocodile Boots;3
Crystal Boots;2
Depth Calcei;2
Dragon Scale Boots;2
Draken Boots;2
Eldritch Monk Boots;2
Feverbloom Boots;2
Filthy Bunnyslippers;3
Firewalker Boots;2
Frostflower Boots;2
Fur Boots;2
Glacier Shoes;3
Gnomish Footwraps;2
Golden Boots;0
Green Demon Slippers;3
Guardian Boots;2
Iks Footwraps;2
Leather Boots;3
Lightning Boots;2
Magma Boots;3
Make-do Boots;2
Makeshift Boots;2
Metal Spats;2
Mutant Bone Boots;3
Norcferatu Fangstompers;2
Norcferatu Goretrampers;2
Oriental Shoes;3
Pair of Dreamwalkers;3
Pair of Nightmare Boots;3
Pair of Soft Boots;5
Pair of Soulstalkers;2
Pair of Soulwalkers;2
Patched Boots;5
Pirate Boots;5
Prismatic Boots;5
Sandals;3
Sanguine Boots;2
Sanguine Galoshes;2
Soulsoles;2
Steel Boots;3
Stoic Iks Boots;2
Stoic Iks Sandals;2
Terra Boots;3
Traditional Leather Shoes;5
Treader of Torment;2
Vampire Silk Slippers;3
Void Boots;5
Winged Boots;2
Worn Firewalker Boots;5
Worn Soft Boots;5
Yalahari Footwraps;2
Yetislippers;5
Zaoan Shoes;3
Alloy Legs;5
Bast Legs;2
Bast Skirt;5
Blue Legs;5
Brass Legs;3
Broken Iks Faulds;5
Chain Legs;5
Chocolatey Dragon Scale Legs;3
Crown Legs;2
Dawnfire Pantaloons;2
Demon Legs;3
Depth Ocrea;2
Dragon Scale Legs;3
Dwarven Legs;2
Eldritch Breeches;2
Elven Legs;5
Exotic Legs;2
Fabulous Legs;2
Falcon Greaves;2
Gill Legs;2
Glacier Kilt;3
Gnome Legs;2
Golden Legs;3
Grasshopper Legs;5
Green Demon Legs;3
Icy Culottes;2
Jade Legs;2
Jungle Survivor Legs;2
Knight Legs;3
Leaf Legs;5
Leather Legs;3
Lederhosen;5
Legs of Enlightenment;2
Legs of Wisdom;2
Lightning Legs;2
Magma Legs;3
Mammoth Fur Shorts;2
Midnight Sarong;1
Mutant Bone Kilt;3
Mutant Hide Trousers;2
Mutated Skin Legs;2
Norcferatu Bloodstrider;3
Norcferatu Fleshguards;2
Norcferatu Thornwraps;2
Ornate Legs;2
Pirate Knee Breeches;5
Plate Legs;3
Prismatic Legs;2
Ranger Legs;5
Sanguine Greaves;2
Sanguine Legs;2
Sanguine Trousers;2
Soulful Legs;3
Soulshanks;2
Soulstrider;2
Stitched Mutant Hide Legs;2
Stoic Iks Culet;2
Stoic Iks Faulds;2
Studded Legs;3
Tatty Dragon Scale Legs;5
Terra Legs;3
Trousers of the Ancients;5
Wereboar Loincloth;5
Yalahari Leg Piece;2
Zaoan Legs;3
Alicorn Headguard;2
Amazon Helmet;5
Ancient Tiara;5
Antler-Horn Helmet;2
Arboreal Crown;2
Arcanomancer Regalia;2
Bandana;5
Batwing Hat;3
Blue Spectacles;1
Bonelord Helmet;3
Brass Helmet;3
Bridal Wreath;4
Broken Iks Headpiece;5
Broken Visor;5
Ceremonial Mask;3
Chain Helmet;3
Charmer's Tiara;3
Cobra Crown;2
Cobra Hood;2
Coned Hat of Enlightenment;2
Crest of the Deep Seas;5
Crown;5
Crown Helmet;3
Crusader Helmet;3
Damaged Helmet;5
Dark Helmet;3
Dark Vision Bandana;3
Dark Whispers;3
Demon Helmet;3
Demon Mengu;2
Demonfang Mask;2
Depth Galea;5
Devil Helmet;3
Dragon Scale Helmet;3
Dreadfire Headpiece;2
Dwarven Helmet;2
Eldritch Cowl;2
Eldritch Hood;2
Elite Draken Helmet;2
Enchanted Werewolf Helmet (Axe);2
Enchanted Werewolf Helmet (Club);2
Enchanted Werewolf Helmet (Distance);2
Enchanted Werewolf Helmet (Fist);2
Enchanted Werewolf Helmet (Magic);3
Enchanted Werewolf Helmet (Sword);2
Ethereal Coned Hat;2
Falcon Circlet;2
Falcon Coif;2
Feather Headdress;3
Ferumbras' Candy Hat;5
Ferumbras' Hat;5
Flower Wreath;4
Full Helmet of the Ancients;5
Fur Cap;5
Galea Mortis;2
Gill Gugel;2
Glacier Mask;3
Gnome Helmet;2
Golden Crown;0
Golden Helmet;0
Golden Horned Helmet;0
Green Demon Helmet;3
Gryphon Mask;5
Hat of the Mad;3
Hellstalker Visor;2
Helmet of Nature;5
Helmet of the Ancients;5
Helmet of the Deep;5
Helmet of The Lost;5
Helmet of Ultimate Terror;2
Horned Helmet;5
Horseman Helmet;2
Incandescent Crown;1
Iron Crown;0
Iron Helmet;3
Ivory Mask;5
Jade Conical Hat;2
Jade Hat;3
Jester Hat;5
Krimhorn Helmet;2
Laurel Wreath;0
Leaf Crown;4
Leather Helmet;3
Legion Helmet;0
Light Bandana;2
Lightning Headband;3
Lion Spangenhelm;2
Mage Hat;3
Mage's Cap;2
Magician Hat;3
Magma Monocle;3
Maliceforged Helmet;2
Mighty Helm of Green Sparks;5
Mining Helmet;5
Mining Helmet (Budrik);5
Mirror Mask;5
Mystic Turban;3
Norcferatu Bonehood;2
Norcferatu Skullguard;2
Odd Hat;5
Pair of Earmuffs;3
Party Hat;5
Pirate Hat;5
Porcelain Mask;4
Post Officer's Hat;0
Prismatic Helmet;2
Ragnir Helmet;2
Reflecting Crown;1
Royal Helmet;3
Rubber Cap;3
Rusty Winged Helmet;5
Santa Hat;5
Sedge Hat;5
Sensing Crown;5
Shamanic Mask;3
Shroud of Despair;5
Silver Mask;0
Skull Helmet;3
Soldier Helmet;2
Sphinx Tiara;3
Spiritthorn Helmet;2
Spooky Hood;3
Steel Helmet;3
Stoic Iks Casque;2
Stoic Iks Headpiece;2
Strange Helmet;3
Studded Helmet;3
Terra Helmet;2
Terra Hood;3
The Crown of the Percht Queen (Fire);2
The Crown of the Percht Queen (Ice);5
The Epic Wisdom;0
Tiara of Power;2
Traditional Gamsbart Hat;5
Tribal Mask;3
Viking Helmet;3
Visage of the End Days;5
Warrior Helmet;3
Werewolf Helmet;5
Winged Helmet;5
Witch Hat;3
Wood Cape;3
Yalahari Mask;3
Zaoan Helmet;3
Bronze Prison Key;0
Chayenne's Magical Key;0
Cheesy Key;0
Copper Prison Key;0
Eye Key;0
Forged Glowing Key;1
Forged Key;0
Goblin Bone Key;0
Golden Prison Key;0
Intricate Cage Key;0
Key (Prison Cells);0
Key 0000;0
Key 0004;0
Key 0005;0
Key 0006;0
Key 0020;0
Key 0021;0
Key 0303;0
Key 0909;0
Key 3001;0
Key 3002;0
Key 3003;0
Key 3004;0
Key 3005;0
Key 3006;0
Key 3007;0
Key 3008;0
Key 3012;0
Key 3033;0
Key 3100;0
Key 3142;0
Key 3200;0
Key 3301;0
Key 3302;0
Key 3303;0
Key 3304;0
Key 3350;0
Key 3520;0
Key 3600;0
Key 3610;0
Key 3620;0
Key 3650;0
Key 3666;0
Key 3667;0
Key 3700;0
Key 3701;0
Key 3702;0
Key 3703;0
Key 3800;0
Key 3801;0
Key 3802;0
Key 3899;0
Key 3900;0
Key 3909;0
Key 3910;0
Key 3911;0
Key 3912;0
Key 3913;0
Key 3914;0
Key 3915;0
Key 3916;0
Key 3917;0
Key 3923;0
Key 3925;0
Key 3930;0
Key 3932;0
Key 3934;0
Key 3935;0
Key 3936;0
Key 3937;0
Key 3938;0
Key 3940;0
Key 3950;0
Key 3988;0
Key 4001;0
Key 4009;0
Key 4022;0
Key 4023;0
Key 4033;0
Key 4037;0
Key 4055;0
Key 4210;0
Key 4501;0
Key 4502;0
Key 4503;0
Key 4600;0
Key 4601;0
Key 4603;0
Key 5000;0
Key 5002;0
Key 5010;0
Key 5050;0
Key 6010;0
Key to Knowledge;0
Key to the Drowned Library;0
Lotus Key;0
Magical Cage Key;0
Old Silver Key;0
Omrabas' Bone Key;0
Omrabas' Copper Key;0
Prison Cell Key;0
Silver Prison Key;0
Strangely Ornamented Key;0
Theodore Loveless' Key;0
Wooden Cage Key;0
Abyss Hammer;3
Amber Bludgeon;2
Amber Cudgel;2
Amber Staff;3
Arcane Staff;3
Banana Staff;5
Battle Hammer;3
Blessed Sceptre;0
Bone Club;3
Bonebreaker;3
Brutetamer's Staff;2
Chaos Mace;3
Clerical Mace;3
Club;5
Club of the Fury;5
Cobra Club;2
Cranial Basher;5
Crowbar;3
Crude Umbral Hammer;2
Crude Umbral Mace;2
Crystal Mace;3
Daramian Mace;3
Dark Trinity Mace;1
Deepling Squelcher;2
Deepling Staff;3
Demonbone;5
Diamond Sceptre;3
Dragon Hammer;3
Dragonbone Staff;3
Draining Inferniarch Flail;2
Draining Inferniarch Warhammer;2
Eldritch Warmace;2
Energized Demonbone;5
Falcon Mace;2
Ferumbras' Staff (Club);5
Furry Club;3
Giant Smithhammer;5
Gilded Eldritch Warmace;2
Glooth Club;3
Glooth Whip;5
Glutton's Mace;5
Grand Sanguine Bludgeon;2
Grand Sanguine Cudgel;2
Hammer of Destruction;2
Hammer of Prophecy;2
Hammer of Wrath;3
Heavy Mace;2
Inferniarch Flail;2
Inferniarch Warhammer;2
Iron Hammer;5
Jade Hammer;2
Jungle Flail;2
Lich Staff;5
Life Preserver;2
Light Mace;1
Lion Hammer;2
Lunar Staff;2
Mace;3
Mace of Destruction;2
Maimer;3
Mallet Handle;5
Mammoth Whopper;3
Metal Bat;5
Moohtant Cudgel;5
Morning Star;3
Mortal Mace;2
Mycological Mace;2
Naga Club;2
Northern Star;1
Obsidian Truncheon;2
Ogre Klubba;5
One Hit Wonder;5
Onyx Flail;3
Orcish Maul;5
Ornate Mace;3
Queen's Sceptre;2
Rending Inferniarch Flail;2
Rending Inferniarch Warhammer;2
Resizer;2
Rotten Demonbone;3
Sanguine Bludgeon;2
Sanguine Cudgel;2
Sapphire Hammer;3
Scythe;3
Shadow Sceptre;3
Silver Mace;0
Siphoning Inferniarch Flail;2
Siphoning Inferniarch Warhammer;2
Skull Staff;3
Skullcrusher;2
Snake God's Sceptre;3
Soulcrusher;2
Soulmaimer;2
Spiked Squelcher;3
Spiky Club;2
Stale Bread of Ancientness;5
Strange Mallet;5
Studded Club;3
Sulphurous Demonbone;5
Swampling Club;3
Taurus Mace;3
The Stomper;2
Thunder Hammer;5
Umbral Hammer;0
Umbral Mace;2
Umbral Master Hammer;2
Umbral Master Mace;2
Unliving Demonbone;5
War Hammer;3
Amber Souvenir;5
Anniversary Cake;4
Aubergine;5
Banana;3
Bar of Chocolate;4
Bass;5
Beetroot;3
Birthday Cake;4
Birthday Layer Cake;4
Blue Gingerbread Heart;4
Blueberry;4
Bottle of Champagne;5
Bottle of Glooth Wine;4
Bottle of Tibian Wine;4
Bowl of Glooth Soup;4
Bread;3
Broccoli;4
Brown Bread;0
Brown Mushroom;3
Bug Meat;3
Bulb of Garlic;4
Cake;4
Candy;4
Candy Cane;4
Candy Floss (25 Anos);4
Candy Floss (Orcsoberfest);4
Carrot;3
Cauliflower;4
Cave Turnip;3
Cheese;3
Cheese Cookie;5
Cherry;4
Chocolate Cake;4
Christmas Cookie Tray;4
Coconut;4
Coloured Egg (Blue);4
Coloured Egg (Green);4
Coloured Egg (Purple);4
Coloured Egg (Red);4
Coloured Egg (Yellow);4
Cookie;3
Corncob;3
Cream Cake;4
Crocodile Steak;5
Cucumber;4
Dark Mushroom;3
Decorated Cake;4
Deepling Filet;3
Dewberries;4
Dragon Ham;3
Dragonfruit;3
Ectoplasmic Sushi;5
Egg;3
Energy Bar;3
Energy Drink;3
Filled Milk Churn;4
Fire Mushroom;3
Fish;3
Forbidden Fruit;3
Fresh Fruit;4
Gingerbreadman;4
Glooth Sandwich;3
Glooth Steak;3
Grapes;3
Green Gingerbread Heart;4
Green Mushroom;3
Green Perch;3
Gummy Rotworm;4
Ham;3
Haunch of Boar;5
Ice Cream Cone (Blue-Barian);3
Ice Cream Cone (Chilly Cherry);4
Ice Cream Cone (Crispy Chocolate Chips);4
Ice Cream Cone (Mellow Melon);4
Ice Cream Cone (Sprinkles);4
Ice Cream Cone (Sweet Strawberry);4
Ice Cream Cone (Velvet Vanilla);4
Insectoid Egg (Food);3
Jalapeño Pepper;3
Larvae;3
Leberkassemmel;5
Lemon;4
Mango;4
Marlin;5
Meat;3
Melon;4
Meringue Cake;4
Moon Melon;4
Moon-Touched Dewberries;4
Mushroom Pie;3
Northern Pike;3
Onion;5
Orange;5
Orange Mushroom;3
Party Cake;4
Peanut;5
Pear;5
Peas;5
Pineapple;4
Plum;5
Potato;3
Prickly Pear;3
Pumpkin;4
Rainbow Trout;3
Raspberry;3
Rat Cheese;5
Red Apple;3
Red Gingerbread Heart;4
Red Mushroom;3
Rice Ball;4
Roasted Meat;5
Roll;3
Salmon;5
Sandfish;5
Shell;5
Shrimp;3
Small Bass;5
Soft Cheese;5
Some Mushrooms;4
Some Mushrooms (Brown);4
Stockfish;5
Strawberry;4
Sun Fruit;1
Taiyaki;5
Terramite Eggs;5
The Carrot of Doom;3
Tiny Bass;5
Tomato;5
Tortoise Egg;3
Valentine's Cake;4
Veal;5
Walnut;3
White Mushroom;3
Winterberry Liquor;4
Wood Mushroom;3
Yummy Gummy Worm;4
Blood Crystal;5
Crystal Ball;3
Crystal Lamp;1
Crystal of Balance;1
Crystal of Focus;1
Crystal of Power;3
Deep Crystal;1
Elemental Crystal;1
Flawless Ice Crystal;1
Food Matrix Crystal;4
Frost Charm;4
Gnomish Extraction Crystal;5
Gnomish Repair Crystal;5
Heavy Crystal Fragment;2
Imbuing Crystal;1
Life Crystal;3
Lonely Crystal;4
Magic Crystal;1
Memory Crystal;5
Midnight Shard;3
Purified Soul (Quest);3
Rare Crystal;1
Red Teleport Crystal;1
Resonance Crystal;1
Rough Red Gem;1
Spectral Stone;1
Teleport Crystal;5
Weapon Matrix Crystal;2
Abacus;5
Abacus (Réplica);5
Adamant Shield;0
Angel Figurine;3
Ankh;3
Another Yellow Present;4
Armageddon Plans;5
Armillary Sphere;5
Artist's Easel;4
Assassin Doll (Réplica);5
Aurora's Collection;1
Aurora's Collection (Réplica);4
Aylie (Réplica);5
Baby Munster;5
Badger Fur (Decoração);5
Bag of Oriental Spices;4
Bag of Oriental Spices (Réplica);4
Balloon Box;4
Balloon Cloth;4
Balloon no.0;4
Balloon no.1;4
Balloon no.2;4
Balloon no.3;4
Balloon no.4;4
Balloon no.5;4
Balloon no.6;4
Balloon no.7;4
Balloon no.8;4
Balloon no.9;4
Banor Doll (Réplica);5
Bard Doll (Réplica);5
Basket (Dog);4
Bat Decoration;4
Beautiful Marble Statue;0
Beaver of Wisdom;5
Bejeweled Ship's Telescope;5
Big Reward Box;4
Birthday Cup;4
Black Jade Cobra;1
Black Knight Doll;5
Black Raven Kit;0
Black Skull (Item);1
Blood Goblet;3
Blood Orb;5
Blood Skull;5
Blue 25 Years Balloon;4
Blue and Red Presents;4
Blue Balloon;4
Blue Bed Kit;4
Blue Christmas Bundle;4
Blue Christmas Garland;4
Blue Pillow;4
Blue Present;4
Blue Sphere;5
Blue Tapestry;4
Blue Wallpaper;4
Bolfrim's Golden Bug Trophy;0
Bonelord Balloon;4
Bonelord Tome;1
Bookworm Doll (Réplica);3
Box Full of Balloons;4
Box Full of Decoration;4
Box Full of Presents;4
Brachiodemon Trophy;0
Bronze Goblet;0
Bronze Hunter Trophy;0
Burnt Out Devourer Core;1
Cake Tapestry;4
Candy Cushion;4
Canopy Bed Kit;4
Carpet Box;4
Cask (With Goblin Zombie);3
Chaos Critical Dice;5
Chaos Critical Dice (Réplica);5
Chocolate Fountain;4
Christmas Branch;1
Christmas Garland;4
Christmas Tree;4
Christmas Wreath;4
Citizen Doll (Réplica);4
Clay Lump;3
Clay Statue;0
Colourful Balloons;4
Comb;5
Council Certificate;0
Countess Sorrow's Frozen Tear;3
Crimson Doll;5
Crunor's Heart;5
Crystal Pedestal;0
Cuckoo Clock;5
Cyclops Balloon;4
Cyclops Head Balloon;4
Dark Oracle;1
Dark Wizard's Crown;1
Decoration Kit;4
Delany's Golden Bug Trophy;0
Demonic Tapestry;3
Devourer Core;1
Djinn's Lamp;5
Doll of Durin The Almighty;3
Dracoyle Statue;1
Dragon Eye;3
Dragon Eye (Réplica);3
Dragon Goblet;3
Dragon Goblet (Réplica);3
Dragon Pinata;3
Dragon Tapestry;3
Draken Doll (Réplica);3
Draptor Doll;5
Dread Doll (Réplica);5
Duality Doll;5
Dwarf Balloon;4
Eloise Balloon;4
Elven Brooch;5
Elven Vase;4
Emblem (Réplica);5
Embroidered Box;4
Empty Goldfish Bowl;5
Encyclopedia;5
Enigmatic Voodoo Skull;3
Evora;1
Eye Of The Storm;1
Eye Pod;4
Falcon Pet;5
Firlefanz;4
Folded Artefact Carpet I;4
Folded Artefact Carpet II;4
Folded Artefact Carpet III;4
Folded Artefact Carpet IV;4
Folded Artefact Carpet V;4
Folded Artefact Carpet VI;4
Folded Artefact Carpet VII;4
Folded Blue Cake Carpet;4
Folded Blue Tibia Carpet;4
Folded Dragon Carpet;4
Folded Dragon Lord Carpet;4
Folded Eldritch Carpet;4
Folded Elemental Carpet;4
Folded Ghazbaran Carpet;4
Folded Green Cake Carpet;4
Folded Green Tibia Carpet;4
Folded Morgaroth Carpet;4
Folded Orange Cake Carpet;4
Folded Orange Tibia Carpet;4
Folded Orshabaal Carpet;4
Folded Pink Cake Carpet;4
Folded Pink Tibia Carpet;4
Folded Purple Cake Carpet;4
Folded Purple Tibia Carpet;4
Folded Red Cake Carpet;4
Folded Red Tibia Carpet;4
Folded Rift Carpet;5
Folded Sky Cake Carpet;4
Folded Sky Tibia Carpet;4
Folded Void Carpet;4
Folded Yellow Cake Carpet;4
Folded Yellow Tibia Carpet;4
Framed Birthday Card;4
Friendship Amulet;0
Friendship Amulet (Réplica);0
Frozen Heart;5
Frozen Heart (Réplica);5
Frozen Starlight;1
Furniture Kit;4
Furniture Package;4
Gilded Birthday Cup;4
Glass of Goo;1
Globe;5
Glowing Mushroom;1
Gold Hunter Trophy;0
Golden Falcon;5
Golden Falcon (Réplica);5
Golden Figurine;3
Golden Goblet;0
Golden Newspaper (Réplica);4
Golden Wallpaper;4
Goldfish Bowl;4
Goromaphone;5
Goromaphone (Réplica);5
Gozzler Trophy;0
Green 25 Years Balloon;4
Green and Blue Presents;4
Green and Red Presents;4
Green Balloon;4
Green Bed Kit;4
Green Christmas Bundle;4
Green Light;1
Green Pillow;4
Green Tapestry;4
Green Wallpaper;4
Grey Raven Kit;0
Gryphon Mask;5
Hand Puppets;5
Hand Puppets (Réplica);5
Heart Pillow;4
Hellflayer Trophy;0
Hieroglyph Banner;3
Holy Falcon;5
Holy Scarab;0
Holy Soil;4
Hourglass;5
Hydra Balloon;4
Ice Cube;3
Ice Mammoth;5
Imortus;1
Imortus (Réplica);5
Jade Amulet;0
Jade Amulet (Réplica);0
Jester Staff;5
Journal Shield;1
Key of Numerous Locks;0
Key of Numerous Locks (Réplica);0
Lion Mosaic;4
Little Adventurer Doll (Réplica);3
Loremaster Doll (Réplica);5
Love Elixir;5
Love Elixir (Réplica);5
Lucky Clover Amulet;0
Lucky Clover Amulet (Réplica);0
Luminous Box;1
Magic Hat;5
Magic Hat (Réplica);0
Magical Music Notes;5
Majestic Shield;0
Many Faces Trophy;0
Marble Statue;0
Masterpiece of a Gozzler;5
Masterpiece of a Muse;0
Mathmaster Shield;1
Mathmaster Shield (Réplica);5
Medusa Skull;5
Medusa Skull (Réplica);5
Megasylvan Plant;5
Megasylvan Plant Kit;4
Memory Box;5
Message in a Bottle;5
Mini NabBot;5
Miniature House;4
Mirror Mask;1
Model Ship;5
Monolith of the Planes Kit;5
Morbid Tapestry;4
Mr. Punish's Handcuffs;5
Music Box (Réplica);4
Mysterious Voodoo Skull;3
Naga Basin;5
Nightmare Beacon;1
Nightmare Hook;3
Noble Sword;2
Noble Sword (Réplica);2
Norseman Doll (Réplica);5
Observer Tapestry;1
Oil Lamp;1
Old Radio;5
Old Radio (Réplica);5
Oracle Figurine;5
Orange 25 Years Balloon;4
Orange Balloon;4
Orange Tapestry;4
Orb;3
Orc Balloon;4
Orc Head Balloon;4
Orc's Jaw Shredder;5
Orc's Jaw Shredder (Réplica);5
Painting of a Gozzler;4
Painting of a Muse;4
Painting of Thais;4
Pharaoh Banner;3
Phoenix Statue (Réplica);4
Picture (Landscape);4
Picture (Portrait);4
Picture (Still Life);4
Piece of Marble Rock;3
Pigeon Trophy;0
Pigeon Trophy (Réplica);0
Piggy Bank;3
Pile of Presents;4
Pile of Three Presents;4
Pink 25 Years Balloon;4
Pink Balloon;4
Pirate Tapestry;4
Pirate Voodoo Doll;3
Pop Tart Painting;4
Portrait With Ferumbras;4
Pretty Clay Statue;4
Psychedelic Tapestry;3
Pumpkinhead;1
Purple 25 Years Balloon;4
Purple Balloon;4
Purple Tapestry;4
Raven Herb;3
Red 25 Years Balloon;4
Red Balloon;4
Red Bed Kit;4
Red Christmas Bundle;4
Red Christmas Garland;4
Red Pillow;4
Red Present;4
Red Tapestry;4
Reward Box (25 Anos);0
Rift Lamp;1
Rift Tapestry;5
Roc Feather;5
Rotworm Balloon;4
Rotworm Head Balloon;4
Rough Clay Statue;4
Rough Marble Statue;0
Round Blue Pillow;4
Round Purple Pillow;4
Round Red Pillow;4
Round Turquoise Pillow;4
Royal Tapestry;1
Scroll of the Stolen Moment;5
Sea Serpent Trophy (Quest);0
Seal of Quality;0
Shield of Destiny;1
Shield of Destiny (Réplica);5
Shield of Endless Search;0
Shield of Endless Search (Réplica);5
Silky Tapestry;3
Silver Goblet;0
Silver Hunter Trophy;0
Silver Mask;0
Siramal's Golden Bug Trophy;0
Skeleton Decoration;3
Small Blue Pillow;4
Small Blue Present;4
Small Green Pillow;4
Small Ice Statue (Bird);3
Small Ice Statue (Fish);5
Small Oil Lamp;5
Small Orange Pillow;4
Small Purple Pillow;4
Small Red Pillow;4
Small Reward Box;4
Small Turquoise Pillow;4
Small White Pillow;4
Snow Flake Tapestry;4
Snow Globe;1
Some Golden Fruits;4
Special Balloon Box;4
Special Carpet Box;4
Special Fx Box;4
Spiderwebs;3
Standing Mirror;1
Starfish;5
Sun Mirror;1
Sun Mosaic;1
Supernatural Box;3
Surprise Nest;4
Table Lamp;1
Tapestry of Honour;0
Teal 25 Years Balloon;4
Teal Balloon;4
Telescope;1
The Dragon Spirit (Réplica);3
The Epic Wisdom;0
The Handmaiden's Protector;5
The Imperor's Trident;2
The Mexcalibur;5
The Mexcalibur (Réplica);5
TibiaHispano Emblem;5
Tibianus Balloon;4
Tibiapedia;5
Tibiora's Box;5
Tibiora's Box (Réplica);4
Trapped Lightning;1
Trophy Stand;0
True Heart of the Sea;5
Vampire Silk Slippers;3
Velvet Tapestry;3
Vessel of Devovorga;5
Vessel of Ferumbras;5
Vessel of Gaz'Haragoth;5
Vessel of Horestis;5
Vessel of Mad Mage;5
Wall Mirror;4
Wall Mirror (Edged);4
Wall Mirror (Oval);4
Wall Mirror (Round);4
War Backpack;4
Water Pipe;5
Water Pipe (Deluxe);4
White Raven Kit;0
White Tapestry;4
Wicked Witch;1
Yalahari Figurine;3
Yellow 25 Years Balloon;4
Yellow Balloon;4
Yellow Bed Kit;4
Yellow Pillow;4
Yellow Pillow (Supersoft);4
Yellow Present;4
Yellow Tapestry;4
Yetislippers;3
Assassin Star;3
Broken Iks Spear;5
Enchanted Spear;2
Glooth Spear;3
Hunting Spear;3
Leaf Star;3
Mean Paladin Spear;2
Royal Spear;3
Royal Star;3
Small Stone;3
Snowball;5
Spear;3
Throwing Cake;4
Throwing Knife;3
Throwing Star;3
Throwing Star of Sula;5
Viper Star;3
Ancient Notes From The Knight Galthen;0
Arena Certificate;0
Armageddon Plans;5
Bill;4
Birthday Card;4
Blank Paper;5
Blank Parchment;5
Blank Poetry Parchment;4
Bronze Deed;0
Building Plans for a Ship;4
Celestial Chart;5
Certificate;0
Christmas Card;4
Contract;5
Copied Research Notes;5
Crumbled Diary Page;5
Crumpled Paper;4
Deed of Ownership;0
Document;5
Document (Certificate);0
Faded Last Will;5
Fan Club Membership Card;0
Formula for a Memory Potion;5
Gingerbread Recipe;4
Gnome Chart;4
Gold Deed;0
Golden Newspaper;4
Golem Blueprint;5
Greeting Card;4
Handwritten Message;5
Hastily Scribbled Note;5
Heliodor's Scrolls;5
Incantation Fragment;5
Incantation Scroll;5
Intelligence Reports;5
Julius' Map;5
Label;5
Letter;5
Letter (Ingol);5
Letter from the Wizards;0
Letter to Chantalle;0
Letter to Eremo;5
Letter to Markwin;5
Lottery Ticket;0
Map (Brown);4
Map (Colour);4
Map (Exotic Locations);4
Map to the Unknown;5
Narsai's List;5
Nomad Parchment;0
Note from the Thieves Guild;0
Notes and Coordinates;5
Old Encrypted Text;5
Old Letter;5
Old Parchment;3
Old Parchment (Drefia);5
Old Parchment (Lion's Rock);0
Old Parchment (Tiquanda);5
Old Piece of Paper;4
Old Pirate Poem;3
Paper;5
Papyrus Deed;4
Parchment (Black Knight);0
Parchment (Crumpled);5
Parchment (Eclesius);5
Parchment (Grey);3
Parchment (Peacock Ballad);3
Parchment (Poetry);4
Parchment (The Ledger);5
Parchment (Yellow);4
Parchment of Interest;5
Piece of Paper (Crumpled);4
Piece of Parchment (Gold);0
Piece of Parchment (Shadow Bite);5
Piece of Parchment (Silver);0
Plans for a Strange Device;5
Receipt;4
Recipe;5
Recipe for Magical Paint;4
Research Notes;5
Research Records;5
Rita's Letter;5
Ritual Notes;0
Rolled-up Parchment;4
Scribbled Notes;5
Scribbled Sheet of Paper;4
Scroll;3
Scroll of Heroic Deeds;2
Secret Instruction (Gryphon Mask);3
Secret Instruction (Ivory Mask);5
Secret Instruction (Mirror Mask);3
Secret Instruction (Silver Mask);3
Secret Map;0
Sheet of Paper (Hoist);5
Sheet of Tracing Paper;5
Sheet of Tracing Paper (Blank);5
Shimun's List;5
Signed Contract;0
Silver Deed;0
Soul Contract;0
Spyreport;5
Stamped Letter;4
Suspicious Documents;5
Tactical Map;5
Tefrit's List;5
The Alchemists' Formulas;5
The Lower Left Part of a Map;5
The Lower Right Part of a Map;5
The Moonlight Aster's Letter;1
The Rite of Eternal Night;1
The Top Left Part of a Map;4
The Top Right Part of a Map;5
Theatre Script;5
Torn Incantation Fragment;5
Translation Scroll;5
Tylaf's Letter;0
Valentine's Card;0
Very Old Piece of Paper;4
Wrinkled Parchment;4
Yonan's List;5
Annihilation Bear;5
Arbaziloth Santa;5
Assassin Doll;1
Babel Swimmer;5
Baby Seal Doll;5
Badbara;5
Banor Doll;5
Bard Doll;5
Bat (Item);5
Bear Doll;3
Bella Bonecrusher's Doll;1
Bookworm Doll;5
Calamary (Item);5
Cateroide's Doll;1
Cave Rat (Item);0
Citizen Doll;5
Cryana;5
Demon Doll;3
Doll;3
Draccoon Santa;5
Draken Doll;5
Dread Doll;1
Durin The Almighty;1
Epaminondas Doll;5
Evilina;5
Fan Doll of King Tibianus;3
Fan Doll of Queen Eloise;3
Ferumbras Doll;3
Ferumbras Puppet;3
Ferumbras' Teddy;4
Ferumbras' Teddy Santa;4
Frazzlemaw Santa;5
Gamemaster Doll;5
Head of Abyssador;5
Head of Deathstrike;5
Head of Gnomevil;5
Impward;5
Jester Doll;5
Leaf Golem Santa;4
Legs of Deathstrike;5
Legs of Gnomevil;5
Lisa's Doll;5
Little Adventurer Doll;3
Loremaster Doll;5
Lucky Pig;0
Luna (Tibia Goals);1
Maxxen Santa;5
Meandi;5
Midnight Panther Doll;5
Mini Mummy;3
Mysterious Fetish;3
Nightmare Beast Santa;3
Nightmare Doll;3
Nightmare Teddy;3
Norseman Doll;5
Ogre Rowdy Doll;5
Omniscient Owl;3
Orclops Santa;5
Panda Teddy;5
Part of a Jester Doll (Left Arm);5
Part of a Jester Doll (Left Leg);5
Part of a Jester Doll (Right Arm);5
Part of a Jester Doll (Right Leg);5
Pet Pig;5
Pirate Voodoo Doll;3
Plushie of a Deepling;5
Plushie of a Domestikion;5
Plushie of a Hoodinion;4
Plushie of a Hydra;4
Plushie of a Mearidion;5
Plushie of a Murmillion;5
Plushie of a Scissorion;5
Plushie of Devovorga;5
Plushie of Gaz'Haragoth;5
Plushie of King Tibianus;5
Plushie of Lavaworm;3
Plushie of Tentugly;5
Raccoon Santa;5
Rat God Doll;3
Retching Horror Doll;3
Salted Cave Rat;3
Santa Ahau;5
Santa Doll;5
Santa Fox;0
Santa Leech;5
Santa Teddy;4
Scared Frog;3
Scorpion (Objeto);3
Sight of Surrender's Plushie;5
Small Ladybug;5
Small Petrified Tortoise;3
Small Tortoise;5
Snowman Doll;5
Stuffed Bunny;4
Stuffed Dragon;3
Stuffed Toad;3
Tail of Abyssador;5
Tearesa;5
Teddy Bear;4
The Gods' Twilight Doll;3
The Head of a Jester Doll;5
The Torso of a Jester Doll;5
Torn Teddy;5
Torso of Abyssador;5
Torso of Deathstrike;5
Torso of Gnomevil;5
Toy Mouse;5
Toy Spider;3
Treasure Island Voodoo Doll;3
Truelove Teddy;4
Vampire Doll;3
Vexclaw Doll;5
Voodoo Doll;3
Voodoo Doll (King);3
Whinona;5
White Lion Doll;5
Wooden Doll;5
Yeti Doll;5
Adamant Shield;5
Alicorn Quiver;1
Amazon Shield;5
Ancient Shield;3
Aurora's Collection;1
Aylie;5
Battle Shield;3
Biscuit Barrier;5
Black Shield;3
Blessed Shield;0
Blue Quiver;5
Bone Shield;3
Bonelord Shield;5
Brass Shield;3
Broken Wooden Shield;5
Candy-Coated Quiver;4
Carapace Shield;3
Castle Shield;0
Copper Shield;5
Crown Shield;3
Dark Shield;3
Death Gaze;3
Demon Shield;3
Dragon Shield;3
Dwarven Shield;2
Eagle Shield;5
Ectoplasmic Shield;2
Eerie Song Book;5
Eldritch Quiver;5
Eldritch Shield;2
Falcon Escutcheon;2
Falcon Shield;2
Fiery Rainbow Shield;1
Gnome Shield;2
Golden Blessed Shield;0
Great Shield;3
Guardian Shield;3
Haunted Mirror Piece;1
Icy Rainbow Shield;0
Journal Shield;5
Jungle Quiver;3
Lion Shield;2
Mastermind Shield;3
Mathmaster Shield;5
Meat Shield;5
Medusa Shield;3
Mino Shield;3
Morshabaal's Mask;2
Naga Quiver;5
Necromancer Shield;5
Nightmare Shield;3
Norse Shield;5
Ornamented Shield;5
Ornate Shield;2
Painted Gourd Rattle;5
Phoenix Shield;2
Plate Shield;3
Prismatic Shield;1
Quiver;5
Rainbow Shield;0
Red Quiver;5
Rift Shield;3
Rose Shield;5
Runic Ice Shield;5
Salamander Shield;3
Scarab Shield;3
Sentinel Shield;3
Shield of Care;5
Shield of Corruption;2
Shield of Destiny;0
Shield of Endless Search;5
Shield of Honour;0
Shield of the White Knight;2
Soulbastion;2
Sparking Rainbow Shield;1
Spike Shield;5
Steel Shield;3
Strange Good Night Songs;5
Studded Shield;2
Tempest Shield;2
Terran Rainbow Shield;0
The Dragon Spirit;3
Tortoise Shield;3
Tower Shield;3
Tusk Shield;3
Vampire Shield;3
Viking Shield;2
Warrior's Shield;2
Wooden Shield;3
Amber Sabre;2
Amber Slayer;2
Assassin Dagger;3
Berserker;2
Blacksteel Sword;2
Blade of Corruption;2
Blade of Destruction;2
Bloody Edge;3
Bone Sword;3
Bright Sword;2
Broadsword;2
Broken Macuahuitl;5
Carlin Sword;2
Cobra Sword;2
Combat Knife;3
Cowtana;2
Crimson Sword;2
Crimson Sword (Rashid);2
Crude Umbral Blade;2
Crude Umbral Slayer;2
Crystal Sword;3
Crystalline Sword;3
Dagger;3
Demonrage Sword;3
Djinn Blade;3
Dragon Slayer;3
Draining Inferniarch Blade;2
Draining Inferniarch Slayer;2
Eldritch Claymore;2
Emerald Sword;2
Epee;3
Falcon Longsword;2
Fire Sword;3
Giant Sword;3
Gilded Eldritch Claymore;2
Glooth Blade;2
Gnome Sword;2
Golden Magic Longsword;1
Golden Warlord Sword;2
Grand Sanguine Blade;2
Grand Sanguine Razor;2
Haunted Blade;3
Havoc Blade;2
Heavy Machete;2
Ice Rapier;3
Impaler of the Igniter;5
Incredible Mumpiz Slayer;5
Inferniarch Blade;2
Inferniarch Slayer;2
Ink Sword;2
Jagged Sword;2
Katana;3
Knife;3
Lion Longsword;2
Longsword;3
Machete;2
Magic Longsword;2
Magic Sword;2
Mean Knight Sword;2
Mercenary Sword;3
Mystic Blade;2
Naga Sword;2
Nightmare Blade;3
Pharaoh Sword;2
Poet's Fencing Quill;2
Pointed Rabbitslayer;5
Poison Dagger;3
Rapier;3
Ratana;2
Relic Sword;3
Rending Inferniarch Blade;2
Rending Inferniarch Slayer;2
Ritual Bone Knife;2
Ron the Ripper's Sabre;5
Runed Sword;2
Sabre;5
Sanguine Blade;2
Sanguine Razor;2
Scimitar;3
Serpent Sword;3
Shimmer Sword;2
Shiny Blade;2
Short Sword;3
Silver Dagger;2
Siphoning Inferniarch Blade;2
Siphoning Inferniarch Slayer;2
Slayer of Destruction;2
Soulcutter;2
Soulshredder;2
Spike Sword;3
Summerblade;2
Sword;3
Tagralt Blade;2
Templar Scytheblade;3
Thaian Sword;2
The Avenger;2
The Calamity;2
The Epiphany;5
The Justice Seeker;0
Twiceslicer;2
Twin Hooks;3
Two Handed Sword;3
Umbral Blade;2
Umbral Master Slayer;2
Umbral Masterblade;2
Umbral Slayer;2
Warlord Sword;2
Winterblade;2
Wooden Sword;2
Wyvern Fang;5
Zaoan Sword;3
Acid Resistant Fishing Rod;5
Adventurer's Stone;0
All Knowing Sausages;5
Amber Crusher;5
Artist's Brush;4
Artist's Brush (With Ink);4
Artist's Canvas;4
Artist's Palette;4
Bait;5
Bark Peeler;5
Blessed Wooden Stake;3
Botanist's Container;4
Bricklayers' Kit;4
Broom;3
Brush;5
Butterfly Conservation Kit;4
Calibrated Indicator Gauge;5
Can of Grease;5
Can of Oil;5
Chisel;5
Closed Silvered Trap;0
Closed Trap;3
Copper Valve;5
Crowbar;3
Crusher;5
Daedal Chisel;5
Death Knell;5
Divining Rod;5
Dog Collar;5
Dream Nebuliser;5
Dwarven Pickaxe;5
Ectoplasm Container;5
Egg Cracker;5
Elvenhair Rope;5
Filled Glooth Converter;1
Fire Bug;4
Fishing Rod;3
Flask of Rust Remover;5
Ghost Detector;5
Glooth Converter;1
Glowing Gnomish Stonesmasher;1
Gnome Pick;4
Gnome Shovel;5
Gnome Trignometre;5
Gnomish Lava Fishing Rod;5
Gnomish Pesticides;5
Gnomish Spore Gatherer;5
Gnomish Stonesmasher;5
Gnomish Supplies;5
Golem Disassembler;5
Griffinclaw Container;4
Grodrik's Favourite Axe;5
Guardcatcher;0
Hallowed Axe;5
Hammer;5
Hand Auger;5
Heated Worm Punisher;5
Heavy Machete;3
Heavy Stone Hammer;0
Highly Charged Lodestone;5
Hoe;5
Hyaena Trap;5
Ice Pick;5
Inkwell;3
Jagged Sickle;1
Juice Squeezer;4
Large Pliers;5
Light Shovel;1
Lock Pick;5
Lodestone;5
Loupe;5
Luminescent Crystal Pickaxe;1
Machete;2
Magical Measurement Device;5
Mechanical Fishing Rod;5
Mirror;1
Mono Detector;5
Necrometer;5
Net (Ferramenta);5
Obsidian Knife;3
Partially Charged Lodestone;5
Pathfinder Kit;5
Pick;3
Pick (Enchanted);0
Pitchfork;5
Purifier for Lost Souls;3
Rake;5
Ritual Scissors;5
Rope;3
Saw;3
Scalpel;5
Schnitzel Meat Grinder;5
Scythe;3
Shovel;3
Sickle;3
Small Axe;3
Small Lamp;1
Smoking Coal;5
Snake Destroyer;5
Sneaky Stabber of Eliteness;5
Soft Hammer;5
Spirit Container (Ratha);4
Spirit Shovel;5
Spying Eye;1
Squeezing Gear of Girlpower;5
Strange Probing Device;5
Tarantula Trap;3
Teleportation Rod;5
Temporary Gold Converter;1
Thawing Ice Pick;5
The Ban Hammer;5
Thermometer;5
Tool for Analyzing Fluids;5
Traditional Stein;0
Training Axe;5
Training Bow;5
Training Club;5
Training Rod;5
Training Shield;5
Training Sword;2
Training Wand;5
Training Wraps;5
Trap;5
Treasure Map;3
Treasure Map (Falso);0
Trunkhammer;5
Tuning Fork;5
Universal Tool;5
Unremarkable Hammer;5
Very Noble-Looking Watch;5
Watch;5
Watering Can;4
Whacking Driller of Fate;5
Wheel Oil;5
Witchesbroom;3
Wooden Hammer;5
Wooden Stake;5
Wooden Ties;0
Worm;3
Worm Punisher;3
Baking Tray;4
Bowl;4
Bowl (Amarelo);4
Bowl (Cinza);4
Bowl (Verde);4
Cleaver;3
Cup;4
Cup (Dwarven);4
Cup (Pirate);4
Empty Beer Mug;4
Fork;5
Jug;4
Kitchen Knife;5
Mug;4
Oven Spatula;5
Pan;5
Plate;4
Rolling Pin;5
Spoon;5
Wooden Spoon;5
Black Candle;1
Black Jade Cobra;1
Black Skull (Item);1
Burning Splint;1
Burnt Out Devourer Core;1
Candelabrum;1
Candlestick;1
Celestial Torch;1
Christmas Branch;1
Crystal Lamp;1
Devourer Core;1
Dracoyle Statue;1
Enchanted Werewolf Amulet;1
Eye Of The Storm;1
Fire Sword;3
Frozen Starlight;1
Ghostsilver Lantern;1
Glass of Goo;1
Glowing Mushroom;1
Golden Bell;0
Golden Fafnar Trophy;1
Green Light;1
Hailstorm Rod;3
Ink Blade;5
Jade Zaoan Bishop;1
Jade Zaoan King;1
Jade Zaoan Knight;1
Jade Zaoan Pawn;1
Jade Zaoan Queen;1
Jade Zaoan Rook;1
Lamp;3
Lit Torch;1
Lit Torch (Quest);1
Magic Light Wand;3
Magical Torch;1
Mining Helmet;1
Moon Backpack;1
Moon Mirror;1
Necromancer Shield;1
Nightmare Beacon;1
Nightmare Shield;1
Obsidian Zaoan Bishop;1
Obsidian Zaoan King;1
Obsidian Zaoan Knight;1
Obsidian Zaoan Pawn;1
Obsidian Zaoan Queen;1
Obsidian Zaoan Rook;1
Pumpkinhead;1
Rainbow Torch;1
Rift Lamp;1
Shimmer Glower;1
Silver Fafnar Trophy;1
Skull Candle;1
Skull Staff;3
Snow Globe;1
Soulforged Lantern;3
Splint;1
Starlight Vial;1
Stone of Insight;1
Strange Symbol;1
Sun Catcher;1
Sun Mirror;1
Table Lamp;1
Torch;3
Trapped Lightning;1
Ulcer Probe;5
Wailing Widow's Necklace;1
Werewolf Amulet;3
Bone Fiddle;5
Bone Fiddle Without Strings;5
Bone Flute;5
Bongo Drum;5
Conch Shell Horn;5
Cornucopia;1
Didgeridoo;3
Drum;5
Fanfare;5
Flute Made of a Single Bone;5
Harp;5
Horn of Sundering;1
Ivory Lyre;5
Lute;5
Lyre;5
Music Box (Tibia Space);5
Ocarina;5
Panpipes;3
Party Trumpet;4
Piano;5
Post Horn;5
Royal Fanfare;0
Santa Music Box;4
Scarab Ocarina;5
Simple Fanfare;5
Small Whistle;5
Swarmer Drum;5
Waldo's Post Horn;5
War Drum;5
War Horn;0
Wooden Flute;3
Wooden Whistle;5
Amulet of Theurgy;3
Merudri Brooch;2
Pendulet;5
Sleep Shawl;5
Turtle Amulet;3
Werewolf Amulet;3
Albino Dragon Leather;3
Ankh;3
Ape Fur;3
Banana Staff;5
Bat Wing;5
Bear Paw;3
Behemoth Claw;5
Blue Piece of Cloth;3
Bonelord Eye;5
Bottled Dragon Breath;5
Brass Button;0
Broken Iks Cuirass;5
Broken Iks Faulds;5
Broken Iks Headpiece;5
Broken Iks Sandals;5
Brown Piece of Cloth;3
Brutus Bloodbeard's Hat;3
Chicken Feather;5
Colourful Feathers;4
Cursed Wood;3
Darklight Geode;1
Deadeye Devious' Eye Patch;5
Decorative Plume;4
Demon Claws;3
Demon Dust;3
Demon Skull Addon;3
Demonic Essence;3
Dragon Claw;3
Dream Warden Claw;0
Dream Warden Mask;3
Dubious Piece of Cloth;4
Elemental Spikes;1
Enchanted Chicken Wing;3
Epaulette;5
Eye Patch;3
Eye-Embroidered Veil;1
Ferumbras' Hat;5
Final Judgement;0
Firefighting Axe;1
Fish Fin;3
Flask of Warrior's Sweat;3
Ghost Claw;3
Green Piece of Cloth;3
Hardened Bone;3
Heaven Blossom;3
Holy Orchid;3
Honeycomb;3
Hook;3
Huge Chunk of Crude Iron;3
Ice Shield;3
Iron Ore;3
Legion Helmet;0
Lizard Leather;3
Lizard Scale;3
Ludicrous Piece of Cloth;4
Luminous Piece of Cloth;4
Mage's Cap;5
Magic Sulphur;3
Mandrake;3
Minotaur Leather;3
Nose Ring;3
Obujos' Shell;5
Obvious Piece of Cloth;4
Ominous Piece of Cloth;4
Peg Leg;3
Petrified Leaf;4
Piece of Draconian Steel;3
Piece of Hell Steel;3
Piece of Royal Steel;3
Plague Bell;3
Plague Mask;3
Pomegranate;3
Porcelain Mask;4
Portable Flame;1
Red Dragon Leather;3
Red Dragon Scale;3
Red Piece of Cloth;3
Ron the Ripper's Sabre;5
Rotrender Claw;5
Rotrender Scalp;5
Rotrender's Sceptre;5
Sand-Filled Horn;0
Scallop Shell;5
Shadow Cowl;3
Shard;3
Slime Mould;5
Sniper Gloves;2
Soap;5
Soul Stone;3
Spider Silk;3
Spirit Container (Fighting Spirit);3
Spooky Hood;3
Spool of Yarn;4
Staff (Simon);5
Strange Inedible Fruit;4
Sturdy Book;5
Tagralt-Inlaid Scabbard;3
The Lethal Lissy's Shirt;5
Tribal Mask;3
Turtle Shell;3
Vampire Dust;3
Voluminous Piece of Cloth;4
Voodoo Doll;3
White Piece of Cloth;3
Wolf Paw;3
Yellow Piece of Cloth;3
Astral Shaper Rune;3
Bag of Apple Slices;3
Bamboo Leaves;3
Beer Tap;5
Candle Stump;3
Carrot on a Stick;3
Colourful Water Lily;3
Control Unit;5
Crackling Egg;3
Decorative Blue Sheet;4
Decorative Green Sheet;4
Decorative Red Sheet;4
Decorative Ribbon;3
Demon in a Golden Box;3
Demon In A Green Box;3
Demon in a Red Box;3
Diapason;3
Eldritch Crystal;5
Fiery Horseshoe;3
Fist on a Stick;3
Four-Leaf Clover;3
Foxtail;3
Giant Shrimp;3
Glow Wine;1
Golden Can of Oil;0
Golden Fir Cone;3
Golem Wrench;3
Harness;3
Hunting Horn;3
Idol of Tukh;0
Inert Astral Shaper Rune;5
Iron Loadstone;5
Leather Whip;3
Leech;3
Library Ticket;3
Maxilla Maximus;3
Melting Horn;5
Menacing Egg;3
Music Box;3
Mysterious Scroll;3
Nail Case;5
Nightmare Horn;3
Pegasus Feather;3
Percht Skull;3
Polished Idol of Tukh;3
Purple Tendril Lantern;3
Red Silk Flower;3
Reins;3
Scorpion Sceptre;3
Slingshot;3
Slug Drug;3
Spectral Horse Tack;3
Spectral Horseshoe;3
Spectral Saddle;3
Spectral Scrap of Cloth;5
Spiritual Horseshoe;3
Sugar Oat;3
Sweet Smelling Bait;3
The Lion's Heart;3
The Regalia of Suon;0
Tin Key;0
Toy Ball;3
Turquoise Tendril Lantern;3
Vibrant Egg;3
Wind-Up Key;0
Wind-Up Loco;5
Abacus;5
Adamant Shield;0
Armillary Sphere;5
Assassin Doll;1
Aurora's Collection;1
Aylie;5
Baby Munster;5
Bag of Oriental Spices;4
Banor Doll;5
Bard Doll;5
Beaver of Wisdom;5
Bella Bonecrusher's Doll;1
Black Knight Doll;5
Bonelord Tome;1
Bookworm Doll;5
Cateroide's Doll;1
Chaos Critical Dice;5
Citizen Doll;5
Crunor's Heart;5
Dark Oracle;1
Dark Wizard's Crown;1
Dragon Eye;3
Dragon Goblet;3
Draken Doll;5
Draptor Doll;5
Dread Doll;1
Duality Doll;5
Durin The Almighty;1
Epaminondas Doll;5
Evora;1
Ferumbras Doll;3
Friendship Amulet;0
Frozen Heart;5
Golden Falcon;5
Golden Newspaper;4
Goromaphone;5
Hand Puppets;5
Heavily Bound Book;5
Imortus;1
Jade Amulet;0
Journal Shield;1
Key of Numerous Locks;0
Little Adventurer Doll;3
Loremaster Doll;5
Love Elixir;5
Lucky Clover Amulet;0
Luna (Tibia Goals);1
Magic Hat;5
Majestic Shield;0
Mathmaster Shield;1
Medusa Skull;5
Memory Box;5
Midnight Panther Doll;5
Mini NabBot;5
Music Box (Tibia Space);5
Nightmare Doll;3
Noble Sword;2
Norseman Doll;5
Old Radio;5
Omniscient Owl;3
Orc's Jaw Shredder;5
Phoenix Statue;1
Pigeon Trophy;0
Scroll of the Stolen Moment;5
Shield of Destiny;1
Shield of Endless Search;0
The Dragon Spirit;3
The Epic Wisdom;0
The Gods' Twilight Doll;3
The Mexcalibur;5
Tibiacity Encyclopedia;5
TibiaHispano Emblem;5
Tibiapedia;5
Tibiora's Box;5
War Backpack;4
White Lion Doll;5
Wicked Witch;1
Yeti Doll;5
25 Years Backpack;4
Anniversary Backpack;4
Anniversary Cake;4
Another Yellow Present;4
Balloon Box;4
Balloon no.0;4
Balloon no.1;4
Balloon no.2;4
Balloon no.3;4
Balloon no.4;4
Balloon no.5;4
Balloon no.6;4
Balloon no.7;4
Balloon no.8;4
Balloon no.9;4
Bar of Chocolate;5
Beer Mug;4
Big Reward Box;4
Birthday Cake;4
Birthday Layer Cake;4
Blue 25 Years Balloon;4
Blue and Red Presents;4
Blue Balloon;4
Blue Fireworks Powder;1
Blue Fireworks Rocket;1
Blue Present;4
Bonelord Balloon;4
Bottle of Champagne;4
Bottle of Tibian Wine;4
Box Full of Balloons;4
Box Full of Decoration;4
Box Full of Presents;4
Cake;4
Candy;4
Candy Cane;4
Carpet Box;4
Colourful Balloons;4
Colourful Fireworks Rocket;1
Cookie;3
Costume Bag (Common);5
Costume Bag (Deluxe);4
Costume Bag (Old);5
Costume Bag (Uncommon);5
Cream Cake;4
Cyclops Balloon;4
Cyclops Head Balloon;4
Dazzling Fireworks Rocket;1
Decorated Cake;4
Dragon Pinata;3
Dwarf Balloon;4
Electric Fireworks Rocket;1
Eloise Balloon;4
Embroidered Box;4
Explosive Fireworks Rocket;1
Fiery Fireworks Rocket;1
Fireworks Capsule;1
Fireworks in Shape of '0';1
Fireworks in Shape of '1';1
Fireworks in Shape of '2';1
Fireworks in Shape of '3';1
Fireworks in Shape of '4';1
Fireworks in Shape of '5';1
Fireworks in Shape of '6';1
Fireworks in Shape of '7';1
Fireworks in Shape of '8';1
Fireworks in Shape of '9';1
Fireworks Rocket;1
Ghostly Fireworks Rocket;1
Godly Fireworks Rocket;1
Grainy Fireworks Powder;1
Green 25 Years Balloon;4
Green and Blue Presents;4
Green and Red Presents;4
Green Balloon;4
Green Balloons;4
Green Fireworks Powder;1
Green Fireworks Rocket;1
Hydra Balloon;4
Lovely Fireworks Rocket;1
Luminous Box;1
Magical Fireworks Rocket;1
Meringue Cake;4
Orange 25 Years Balloon;4
Orange Balloon;4
Orange Fireworks Powder;1
Orange Fireworks Rocket;1
Orc Balloon;4
Orc Head Balloon;4
Party Cake;4
Party Hat;4
Party Lampions (Blue);4
Party Lampions (Red);4
Party Trumpet;4
Party Wall Snake;4
Party Wall Tinsel;4
Piggy Bank;3
Pile of Presents;4
Pile of Three Presents;4
Pinata;3
Pink 25 Years Balloon;4
Pink Balloon;4
Present (Explosive);1
Purple 25 Years Balloon;4
Purple Balloon;4
Purple Fireworks Powder;1
Purple Fireworks Rocket;1
Red 25 Years Balloon;4
Red Balloon;4
Red Balloons;4
Red Fireworks Powder;1
Red Fireworks Rocket;1
Red Present;4
Reward Box (25 Anos);0
Rotworm Balloon;4
Rotworm Head Balloon;4
Scroll of Ascension;5
Small Blue Present;4
Small Reward Box;4
Snapping Fireworks Rocket;1
Sparkling Fireworks Rocket;1
Special Balloon Box;4
Special Carpet Box;4
Special Fx Box;4
Spellwand;3
Splashing Fireworks Rocket;1
String of Fairy Lights;1
Supernatural Box;3
Surprise Bag (Blue);4
Surprise Bag (Red);4
Surprise Bag (Yellow);4
Suspicious Surprise Bag;4
Teal 25 Years Balloon;4
Teal Balloon;4
Tibianus Balloon;4
Turquoise Fireworks Powder;1
Turquoise Fireworks Rocket;1
Valentine's Cake;4
Versicolour Fireworks Powder;1
Vessel of Devovorga;5
Vessel of Ferumbras;5
Vessel of Gaz'Haragoth;5
Vessel of Horestis;5
Vessel of Mad Mage;5
Winterberry Liquor;4
Yellow 25 Years Balloon;4
Yellow Balloon;4
Yellow Fireworks Powder;1
Yellow Fireworks Rocket;1
Yellow Present;4
Battle Stone;2
Blazing Bone;3
Bloody Pincers;3
Brimstone Fangs;5
Brimstone Shell;5
Broken Shamanic Staff;3
Compass;3
Crawler Head Plating;5
Crystallized Anger;3
Cultish Mask;3
Cultish Robe;3
Cyclops Toe;5
Damselfly Wing;3
Deepling Warts;2
Demon Horn;3
Demonic Skeletal Hand;3
Draken Sulphur;3
Elven Hoof;3
Elven Scouting Glass;3
Elvish Talisman;3
Energy Vein;3
Fairy Wings;3
Fiery Heart;3
Flask of Embalming Fluid;4
Frazzle Skin;3
Frosty Heart;3
Ghostly Tissue;3
Gloom Wolf Fur;3
Gold-Brocaded Cloth;4
Goosebump Leather;5
Green Dragon Leather;3
Green Dragon Scale;3
Hellspawn Tail;3
Lion's Mane;3
Little Bowl of Myrrh;4
Mantassin Tail;3
Metal Spike;5
Mooh'tah Shell;5
Moohtant Horn;5
Mystical Hourglass;3
Ogre Nose Ring;3
Orc Tooth;3
Peacock Feather Fan;1
Petrified Scream;5
Piece of Dead Brain;3
Piece of Scarab Shell;5
Piece of Swampling Wood;5
Pile of Grave Earth;5
Poisonous Slime;3
Polar Bear Paw;5
Protective Charm;0
Quill;3
Rope Belt;3
Rorc Feather;5
Sabretooth (Item);3
Seacrest Hair;3
Silencer Claws;5
Slime Heart;3
Snake Skin;3
Some Grimeleech Wings;5
Strand of Medusa Hair;4
Swamp Grass;5
Thick Fur;3
Vampire Teeth;3
Vexclaw Talon;5
War Crystal;0
Warmaster's Wristguards;2
Waspoid Wing;5
Wereboar Hooves;5
Winter Wolf Fur;3
Wyrm Scale;5
Wyvern Talisman;0
Acid Resistant Fishing Rod;5
Adventurer's Map;0
Adventurer's Stone;0
Adventurers' Guild Picture;3
Advertisement Sign;4
Aggressive Fluid;5
Airtight Cloth;4
Airtight Gloo;4
Almanac of Magic;2
Almost Full Picture Album (Calcanea);4
Almost Full Picture Album (Elven House);4
Amarie's Favourite Book;5
Amazon Disguise Kit;4
Amber Crusher;5
Amber Sickle;4
Anatomy Book;5
Ancient Amulet (Krailos);0
Ancient Dream;3
Ancient Iks Ritual Chalice;3
Ancient Map;0
Ancient Notes From The Knight Galthen;0
Ancient Rune;3
Animal Cure;5
Animal Fetish;3
Antler Talisman;5
Artefact Box;0
Asuri Talisman;0
Atlas;5
Black Bishop Token;0
Black Castle Token;0
Black King Token;0
Black Knight Token;0
Black Pawn Token;0
Black Queen Token;0
Black Token;0
Die;3
Heavy Ball;5
Jade Zaoan Bishop;1
Jade Zaoan King;1
Jade Zaoan Knight;1
Jade Zaoan Pawn;1
Jade Zaoan Queen;1
Jade Zaoan Rook;1
Large Snowball;5
O Tic-Tac-Toe Token;5
Obsidian Zaoan Bishop;1
Obsidian Zaoan King;1
Obsidian Zaoan Knight;1
Obsidian Zaoan Pawn;1
Obsidian Zaoan Queen;1
Obsidian Zaoan Rook;1
Shimmer Ball;5
Waterball;4
White Bishop Token;0
White Castle Token;0
White King Token;0
White Knight Token;0
White Pawn Token;0
White Queen Token;0
White Token;0
X Tic-Tac-Toe Token;5
Antidote Potion;5
Beer;4
Beer Mug;4
Berserk Potion;3
Bestiary Betterment;3
Blood;5
Bullseye Potion;3
Charm Upgrade;5
Coconut Milk;4
Death Amplification;2
Death Resilience;5
Earth Amplification;2
Earth Resilience;5
Energy Amplification;1
Energy Resilience;5
Essence of Dread;5
Essence of Wishful Thinking;5
Fire Amplification;1
Fire Resilience;5
Flask of Demonic Blood;3
Flask of Rust Remover;5
Fresh Mushroom Beer;4
Fruit Juice;4
Great Health Potion;3
Great Mana Potion;3
Great Spirit Potion;3
Health Potion;3
Holy Amplification;2
Holy Resilience;5
Ice Amplification;1
Ice Resilience;5
Kooldown-Aid;4
Lemonade;4
Lifefluid;5
Magic Shield Potion;3
Mana Potion;3
Manafluid;5
Mastermind Potion;3
Mead;4
Milk;4
Muck Remover;5
Mud;4
Oil;1
Physical Amplification;2
Physical Resilience;5
Rum;5
Slime (Líquido);4
Small Health Potion;5
Stale Mushroom Beer;4
Stamina Extension;5
Strike Enhancement;5
Strong Health Potion;3
Strong Mana Potion;3
Supreme Health Potion;3
Tea;4
Transcendence Potion;3
Ultimate Health Potion;3
Ultimate Mana Potion;3
Ultimate Spirit Potion;3
Urine;4
Water (Líquido);4
Wealth Duplex;5
Wine;4
Almanac of Magic;2
Almost Full Picture Album (Calcanea);4
Almost Full Picture Album (Elven House);4
Amarie's Favourite Book;5
Anatomy Book;5
Book (CGB);5
Book of Orc Language;5
Book with Old Legends;3
Book with Transcripts;5
Botany Almanach;4
Damaged Logbook;5
Dragha's Spellbook;3
Eerie Song Book;5
Elven Poetry Book;3
File AH-X17L89;5
Half Empty Picture Album (Adventurers' Guild);4
Half Empty Picture Album (Falcon Banner);4
Half Empty Picture Album (Halls of Hope);4
Heavy Old Tome;3
Monk's Diary;3
Nature Magic Spellbook;3
Partly Empty Picture Album (Bank of Carlin);4
Partly Empty Picture Album (Colossus Fortress);0
Partly Empty Picture Album (Golden Statue);4
Picture Album;4
Seashell Book (Blue) (B);5
Seashell Book (Green) (B);5
Seashell Book (Yellow) (B);5
Strange Good Night Songs;5
The Holy Tible;0
The Spatial Warp Almanac;0
The True Book of Death;3
Tome of Knowledge;5
Torn Book (Marziel's Diary);5
Torn Log Book;5
Addled Egg;5
Badly Made Piece of Cloth;4
Banana Skin;3
Big Bone;3
Bone;3
Bread Crust;5
Broken Bottle;5
Broken Brown Glass;4
Broken Flask;4
Broken Green Glass;4
Broken Piggy Bank;5
Broken Pottery;5
Broken Sword;2
Burnt Scroll;3
Crystal Rubbish;3
Dead Frog;3
Dead Frog (Item);3
Dead Snake;3
Dirty Cape;3
Dirty Fur;3
Empty Potion Flask (Large);4
Empty Potion Flask (Medium);4
Empty Potion Flask (Small);4
Fish Tail (Trash);5
Fishbone;3
Flaccid Salad;4
Large Yellowed Bone;5
Mouldy Cheese;3
Old Meat;5
Old Twig;5
Piece of Iron;3
Potato Peelings;5
Remains of a Fish;3
Remains of Crude Dream;5
Rotten Meat;3
Rotten Tomatoes;4
Skeleton (Item);5
Skull (Item);3
Soft Piece of Cloth;4
Some Leaves;4
Some Wood;5
Starfish;5
Stone Rubbish;5
Torn Book;5
Towel;4
Trashed Draken Boots;5
Twigs;3
Used Candelabrum;5
Used Candlestick;1
Wooden Trash;3
Worn Leather Boots;5
Yellowed Bone;5
Amber Axe;2
Amber Greataxe;2
Angelic Axe;3
Axe;3
Axe of Destruction;2
Barbarian Axe;2
Battle Axe;3
Beastslayer Axe;3
Butcher's Axe;3
Chopper of Destruction;2
Cobra Axe;2
Crude Umbral Axe;2
Crude Umbral Chopper;2
Crystalline Axe;5
Daramian Axe;5
Daramian Waraxe;3
Deepling Axe;5
Demonwing Axe;2
Double Axe;3
Dragon Lance;2
Draining Inferniarch Battleaxe;2
Draining Inferniarch Greataxe;2
Drakinata;3
Dreaded Cleaver;3
Dwarven Axe;5
Eldritch Greataxe;2
Execowtioner Axe;3
Executioner;2
Falcon Battleaxe;2
Farmer's Avenger;5
Fire Axe;3
Gilded Eldritch Greataxe;2
Glooth Axe;3
Glorious Axe;3
Golden Axe;5
Golden Sickle;3
Grand Sanguine Battleaxe;2
Grand Sanguine Hatchet;2
Great Axe;2
Guardian Axe;2
Guardian Halberd;3
Halberd;3
Hand Axe;3
Hatchet;3
Headchopper;2
Heavy Trident;2
Hellforged Axe;5
Heroic Axe;2
Hive Scythe;3
Ice Hatchet;5
Impaler;2
Inferniarch Battleaxe;2
Inferniarch Greataxe;2
Knight Axe;3
Lion Axe;2
Mino Lance;5
Mythril Axe;5
Naga Axe;2
Naginata;5
Noble Axe;3
Obsidian Lance;3
Ogre Choppa;5
Orcish Axe;3
Ornamented Axe;5
Phantasmal Axe;3
Plague Bite;3
Ravager's Axe;2
Ravenwing;5
Reaper's Axe;5
Rending Inferniarch Battleaxe;2
Rending Inferniarch Greataxe;2
Rift Lance;3
Ripper Lance;3
Royal Axe;5
Ruthless Axe;2
Sanguine Battleaxe;2
Sanguine Hatchet;2
Scythe of the Reaper;2
Sickle;3
Siphoning Inferniarch Battleaxe;2
Siphoning Inferniarch Greataxe;2
Solar Axe;1
Soulbiter;2
Souleater (Axe);2
Steel Axe;5
Stonecutter Axe;5
Throwing Axe;2
Titan Axe;3
Twin Axe;2
Umbral Axe;2
Umbral Chopper;5
Umbral Master Axe;2
Umbral Master Chopper;2
Vile Axe;3
War Axe;3
Warrior's Axe;3
Zaoan Halberd;3
Arrow;3
Burst Arrow;2
Crystalline Arrow;3
Diamond Arrow;0
Earth Arrow;3
Envenomed Arrow;3
Flaming Arrow;1
Flash Arrow;1
Onyx Arrow;3
Poison Arrow;3
Shiver Arrow;5
Simple Arrow;3
Sniper Arrow;3
Tarsal Arrow;5
Beautiful Ice Flowers;4
Blood Herb;4
Bloodkiss Flower;4
Blue Rose;4
Bowl of Evergreen Flowers;4
Colourful Mushroom;4
Crimson Crest Mushroom;5
Crimson Nightshade Blossoms;1
Crimson Rose;5
Exotic Flowers;4
Fern;3
Flower Bouquet;3
Flower Bowl;4
Flower Pot;4
Flower Pot (Dryad's Heart Flower);4
Flower Pot (Ember Queen Flower);4
Flower Pot (Fairy Dancer Flower);4
Flower Pot (Finger Snapper Plant);4
Flower Pot (Lizard Tongue Plant);3
Flower Pot (Midnight Bloom Flower);4
Flower Pot (Winterblossom);4
Fresh Hydra Herbs;4
Frostbite Herb;4
Goat Grass;3
God Flowers;4
Grave Flower;3
Honey Flower;4
Honey Palm Bark;4
Hydra Tongue;4
Ice Flower Seeds;4
Indoor Plant;4
Lion's Mane Flower;3
Marvelous Ice Flowers;4
Megasylvan Sapling;4
Moon Flower;4
Moon Mint;4
Moonlight Ipomea's Stamen;1
Orange Star;1
Piece of Cactus;4
Potted Flower;4
Powder Herb;3
Pretty Ice Flower;4
Puny Ice Flower;4
Purple Kiss Blossom;4
Purple Nightshade Blossoms;1
Red Rose;2
Rosebush (Item);4
Rotten Heart of a Tree;3
Seeds;3
Shadow Herb;3
Sling Herb;3
Star Herb;3
Stone Herb;3
Troll Green;3
Tulip;4
Veldt Flowers;4
Wild Desert Rose;4
Witches' Cap Spot;3
Withered Plant;4
Yellow Rose;4
Adamant Shield;0
Arcane Insignia;0
Armillary Sphere;5
Aurora's Collection;1
Aylie;5
Baby Munster;5
Badge of Glory;0
Banor Doll;5
Bard Doll;5
Beaver of Wisdom;5
Bella Bonecrusher's Doll;1
Black Knight Doll;5
Blue Sphere;5
Bonelord Tome;1
Bronze Cup (Ascension);0
Bronze Cup (Honour);0
Bronze Cup (Radiance);1
Bronze Cup (Triumph);0
Bronze Cup (Valour);0
Bronze Cup of Honour;0
Bronze Deed;0
Bronze Medal;0
Bronze Prison Key;0
Bronze Trophy of Excellence;0
Bronze Warrior Trophy;0
Champion's Cup;0
Chaos Critical Dice;5
Chayenne's Magical Key;0
CM Token;5
Copper Prison Key;0
Crunor's Heart;5
Dark Oracle;1
Dark Wizard's Crown;1
Draptor Doll;5
Dread Doll;1
Dream Matter;3
Duality Doll;5
Elven Trophy;0
Epaminondas Doll;5
Evora;1
Gold Cup (Ascension);0
Gold Cup (Honour);0
Gold Cup (Radiance);1
Gold Cup (Triumph);0
Gold Cup (Valour);0
Gold Deed;0
Gold Medal;0
Golden Prison Key;0
Golden Trophy of Excellence;0
Golden Warrior Trophy;0
Heavily Bound Book;5
Heavy Medal;0
Hero's Medal;0
Journal Shield;1
Love Elixir;5
Luna (Tibia Goals);1
Magic Hat;5
Medal of Honour;0
Memory Box;5
Midnight Panther Doll;5
Mini Mummy;3
Mini NabBot;5
Nightmare Doll;3
Omniscient Owl;3
Papyrus Deed;4
Rat God Doll;3
Royal Medal;0
Seal of Quality;0
Silver Cup (Ascension);0
Silver Cup (Honour);0
Silver Cup (Radiance);1
Silver Cup (Triumph);0
Silver Cup (Valour);0
Silver Cup of Honour;0
Silver Deed;0
Silver Medal;0
Silver Prison Key;0
Silver Trophy of Excellence;0
Silver Warrior Trophy;0
Snake God Trophy;0
The Dragon Spirit;3
The Epic Wisdom;0
The Gods' Twilight Doll;3
Tibiapedia;5
Vampire Doll;3
War Backpack;4
White Lion Doll;5
Wicked Witch;1
Wooden Whistle;5
Yeti Doll;5
Amber Kusarigama;2
Bambus Jo;2
Cobra Bo;2
Crude Umbral Katar;2
Depth Claws;2
Drachaku;2
Draining Inferniarch Claws;2
Eldritch Crescent Moon Spade;2
Falcon Sai;2
Fists of Enlightenment;2
Gilded Eldritch Crescent Moon Spade;2
Grand Sanguine Claws;2
Inferniarch Claws;2
Jo Staff;2
Light Jo Staff;2
Lion Claws;2
Naga Katar;2
Nunchaku;2
Nunchaku of Destruction;2
Nunchaku of Enlightenment;2
Pair of Iron Fists;2
Pair of Monk Fists;2
Rending Inferniarch Claws;2
Sai;2
Sai of Enlightenment;2
Sanguine Claws;2
Simple Jo Staff;2
Siphoning Inferniarch Claws;2
Soulkamas;2
Staff;3
Traditional Sai;3
Umbral Katar;2
Umbral Master Katar;2
Abacus (Réplica);5
Assassin Doll (Réplica);5
Aurora's Collection (Réplica);4
Aylie (Réplica);5
Bag of Oriental Spices (Réplica);4
Banor Doll (Réplica);5
Bard Doll (Réplica);5
Bookworm Doll (Réplica);3
Chaos Critical Dice (Réplica);5
Citizen Doll (Réplica);4
Crimson Doll;5
Doll of Durin The Almighty;3
Dragon Eye (Réplica);3
Dragon Goblet (Réplica);3
Draken Doll (Réplica);3
Dread Doll (Réplica);5
Emblem (Réplica);5
Encyclopedia;5
Friendship Amulet (Réplica);0
Frozen Heart (Réplica);5
Golden Falcon (Réplica);5
Golden Newspaper (Réplica);4
Goromaphone (Réplica);5
Hand Puppets (Réplica);5
Imortus (Réplica);5
Jade Amulet (Réplica);0
Key of Numerous Locks (Réplica);0
Little Adventurer Doll (Réplica);3
Loremaster Doll (Réplica);5
Love Elixir (Réplica);5
Lucky Clover Amulet (Réplica);0
Magic Hat (Réplica);0
Mathmaster Shield (Réplica);5
Medusa Skull (Réplica);5
Music Box (Réplica);4
Noble Sword (Réplica);2
Norseman Doll (Réplica);5
Old Radio (Réplica);5
Orc's Jaw Shredder (Réplica);5
Phoenix Statue (Réplica);4
Pigeon Trophy (Réplica);0
Shield of Destiny (Réplica);5
Shield of Endless Search (Réplica);5
The Dragon Spirit (Réplica);3
The Mexcalibur (Réplica);5
Tibiora's Box (Réplica);4
25 Years Backpack;4
Anniversary Backpack;4
Artefact Box;0
Backpack;4
Backpack of Holding;4
Bag;4
Basket;4
Beach Backpack;4
Beach Bag;4
Birthday Backpack;4
Blossom Bag;4
Blue Backpack;4
Blue Bag;4
Book Backpack;4
Box;4
Box (Brown);4
Brocade Backpack;4
Brocade Bag;4
Buggy Backpack;4
Bursa Obscura;5
Cake Backpack;4
Camouflage Backpack;4
Camouflage Bag;4
Changing Backpack;4
Chest;5
Christmas Present (Blue);4
Christmas Present (Green);4
Christmas Present (Red);4
Crate;4
Crown Backpack;4
Crystal Backpack;4
Deepling Backpack;3
Demon Backpack;3
Dragon Backpack;3
Energetic Backpack;4
Exaltation Chest;5
Expedition Backpack;4
Expedition Bag;4
Feedbag;4
Festive Backpack;4
Fur Backpack;4
Fur Bag;2
Galthen's Satchel;5
Ghost Backpack;3
Glooth Backpack;4
Golden Backpack;0
Golden Bag;0
Green Backpack;4
Green Bag;4
Grey Backpack;4
Grey Bag;4
Heart Backpack;4
Jewel Case (Azul);0
Jewelled Backpack;3
Lilypad Backpack;4
Minotaur Backpack;4
Moon Backpack;4
Mushroom Backpack;3
Old and Used Backpack;4
Orange Backpack;4
Orange Bag;4
Pannier Backpack;4
Parcel;4
Peppermint Backpack;4
Pillow Backpack;4
Pirate Backpack;3
Pirate Bag;5
Present;4
Purple Backpack;4
Purple Bag;4
Raccoon Backpack;4
Red Backpack;4
Red Bag;4
Santa Backpack;4
Shopping Bag;4
Stamped Parcel;4
Treasure Chest (Marrom);0
Treasure Chest (Ornamented);0
Winged Backpack;5
Wolf Backpack;3
Yellow Backpack;4
Yellow Bag;4
Zaoan Chess Box;0
Amber Rod;2
Cobra Rod;2
Deepling Ceremonial Dagger;2
Deepling Fork;2
Draining Inferniarch Rod;2
Dream Blossom Staff;3
Eldritch Rod;2
Energized Limb;2
Falcon Rod;2
Gilded Eldritch Rod;2
Glacial Rod;3
Grand Sanguine Rod;2
Hailstorm Rod;3
Inferniarch Rod;2
Jungle Rod;2
Lion Rod;2
Moonlight Rod;3
Muck Rod;3
Naga Rod;2
Necrotic Rod;3
Northwind Rod;3
Ogre Scepta;3
Rending Inferniarch Rod;2
Rod of Destruction;2
Sanguine Rod;2
Shimmer Rod;5
Siphoning Inferniarch Rod;2
Snakebite Rod;3
Soulhexer;2
Springsprout Rod;3
Terra Rod;3
The Chiller;5
Underworld Rod;3
Animate Dead Rune;3
Avalanche Rune;2
Chameleon Rune;5
Convince Creature Rune;3
Cure Poison Rune;3
Destroy Field Rune;2
Disintegrate Rune;3
Energy Bomb Rune;2
Energy Field Rune;2
Energy Wall Rune;2
Explosion Rune;2
Fire Bomb Rune;2
Fire Field Rune;3
Fire Wall Rune;2
Fireball Rune;3
Great Fireball Rune;3
Heavy Magic Missile Rune;2
Holy Missile Rune;0
Icicle Rune;5
Intense Healing Rune;3
Light Magic Missile Rune;2
Light Stone Shower Rune;1
Lightest Magic Missile Rune;1
Lightest Missile Rune;2
Magic Wall Rune;3
Paralyse Rune;2
Poison Bomb Rune;2
Poison Field Rune;3
Poison Wall Rune;3
Soulfire Rune;3
Stalagmite Rune;3
Stone Shower Rune;3
Sudden Death Rune;3
Thunderstorm Rune;2
Ultimate Healing Rune;3
Wild Growth Rune;3
Golden Rune Emblem (Animate Dead);3
Golden Rune Emblem (Avalanche);1
Golden Rune Emblem (Chameleon);1
Golden Rune Emblem (Desintegrate);1
Golden Rune Emblem (Destroy Field);1
Golden Rune Emblem (Energy Bomb);1
Golden Rune Emblem (Energy Wall);1
Golden Rune Emblem (Explosion);1
Golden Rune Emblem (Fire Bomb);1
Golden Rune Emblem (Fire Field);1
Golden Rune Emblem (Fireball);1
Golden Rune Emblem (Great Fireball);1
Golden Rune Emblem (HMM);1
Golden Rune Emblem (Holy Missile);1
Golden Rune Emblem (Icicle);1
Golden Rune Emblem (LMM);1
Golden Rune Emblem (Magic Wall);1
Golden Rune Emblem (Paralyze);1
Golden Rune Emblem (Poison Bomb);1
Golden Rune Emblem (Soulfire);1
Golden Rune Emblem (Sudden Death);1
Golden Rune Emblem (Thunderstorm);1
Golden Rune Emblem (UH);1
Golden Rune Emblem (Wild Growth);1
Silver Rune Emblem (Animate Dead);3
Silver Rune Emblem (Avalanche);1
Silver Rune Emblem (Chameleon);1
Silver Rune Emblem (Desintegrate);1
Silver Rune Emblem (Destroy Field);1
Silver Rune Emblem (Energy Bomb);1
Silver Rune Emblem (Energy Wall);1
Silver Rune Emblem (Explosion);1
Silver Rune Emblem (Fire Bomb);1
Silver Rune Emblem (Fire Field);1
Silver Rune Emblem (Fireball);1
Silver Rune Emblem (Great Fireball);1
Silver Rune Emblem (HMM);1
Silver Rune Emblem (Holy Missile);1
Silver Rune Emblem (Icicle);1
Silver Rune Emblem (LMM);1
Silver Rune Emblem (Magic Wall);1
Silver Rune Emblem (Paralyze);1
Silver Rune Emblem (Poison Bomb);1
Silver Rune Emblem (Soulfire);1
Silver Rune Emblem (Sudden Death);3
Silver Rune Emblem (Thunderstorm);1
Silver Rune Emblem (UH);1
Silver Rune Emblem (Wild Growth);1
Alchemist's Notepad;2
Arboreal Tome;2
Arcanomancer Folio;2
Book of Lies;3
Brain in a Jar;3
Cocoa Grimoire;2
Creamy Grimoire;2
Crude Umbral Spellbook;2
Depth Scutum;3
Eldritch Folio;2
Eldritch Tome;2
Lion Spellbook;2
Shoulder Plate;2
Snake God's Wristguard;3
Spellbook;3
Spellbook of Ancient Arcana;3
Spellbook of Dark Mysteries;3
Spellbook of Enlightenment;3
Spellbook of Lost Souls;3
Spellbook of Mind Control;3
Spellbook of the Novice;3
Spellbook of Vigilance;2
Spellbook of Warding;3
Spellscroll of Prophecies;3
Spirit Guide;3
Umbral Master Spellbook;2
Umbral Spellbook;2
Wooden Spellbook;3
Arena Badge;0
Arena Badge (Réplica);5
Behemoth Trophy;0
Birthday Cup;4
Black Pit Demon;3
Blue Pit Demon;3
Blue Shark Trophy;0
Bolfrim's Golden Bug Trophy;0
Bonebeast Trophy;0
Bronze Cup (Ascension);0
Bronze Cup (Honour);0
Bronze Cup (Radiance);1
Bronze Cup (Triumph);0
Bronze Cup (Valour);0
Bronze Cup of Honour;0
Bronze Trophy of Excellence;0
Bronze Warrior Trophy;0
Brown Pit Demon;3
Brown Shark Trophy;0
Champion's Cup;0
Cyclops Trophy;0
Deer Trophy;0
Delany's Golden Bug Trophy;0
Demon Trophy;3
Disgusting Trophy;0
Dragon Lord Trophy;0
Dragon Trophy;0
Draken Trophy;0
Elven Trophy;0
Gilded Birthday Cup;4
Gold Cup (Ascension);0
Gold Cup (Honour);0
Gold Cup (Radiance);1
Gold Cup (Triumph);0
Gold Cup (Valour);0
Golden Fafnar Trophy;1
Golden Shark Trophy;0
Golden Trophy of Excellence;0
Golden Warrior Trophy;0
Green Pit Demon;3
Hammerhead Trophy;0
Lion Trophy;0
Lizard Trophy;3
Marlin Trophy;0
Minotaur Trophy;3
Orc Trophy;0
Pantibian Amphora;5
Phoenix Statue;1
Pigeon Trophy;0
Red Pit Demon;3
Sea Serpent Trophy;3
Shark Jaws;5
Silver Cup (Ascension);0
Silver Cup (Honour);0
Silver Cup (Radiance);1
Silver Cup (Triumph);0
Silver Cup (Valour);0
Silver Cup of Honour;0
Silver Fafnar Trophy;1
Silver Trophy of Excellence;0
Silver Warrior Trophy;0
Siramal's Golden Bug Trophy;0
Snake God Trophy;0
Souleater Trophy;0
Statue of Abyssador;0
Statue of Deathstrike;0
Statue of Devovorga;0
Statue of Gnomevil;0
Stripped Shark Trophy;0
The Famous Golden Bug;3
Trophy of Feroxa;0
Trophy of Jaul;0
Trophy of Obujos;0
Trophy of Tanjis;0
Werebadger Trophy;0
Werebear Trophy;0
Wereboar Trophy;0
Werecrocodile Trophy;0
Werefox Trophy;0
Werehyaena Trophy;0
Werepanther Trophy;0
Weretiger Trophy;0
Wolf Trophy;0
Abridged Promotion Scroll;4
Advanced Promotion Scroll;4
Alptramun's Toothbrush;5
Amber (Item);3
Amber with a Bug;3
Amber with a Dragonfly;3
Ancient Coin;5
Ancient Liche Bone;5
Arbaziloth Shoulder Piece;5
Bag You Covet;5
Bag You Desire;3
Bar of Gold;3
Basic Promotion Scroll;4
Beast's Nightmare-Cushion;3
Behemoth Taming Stone;5
Black Pearl;3
Bladespark Figurine;5
Blank Imbuement Scroll;3
Blank Rune;3
Blood of the Mountain Charm;3
Blue Crystal Shard;3
Blue Crystal Splinter;3
Blue Gem;3
Bracelet of Strengthening;0
Brass Button;0
Brooch of Embracement;3
Brown Crystal Splinter;3
Bursa Obscura;5
Cerulean Abyss;5
Christmas Token;4
Cluster of Solace;3
Colbalt Ridge;5
Copper Token;5
Coral Brooch;3
Cruelty's Chest;3
Cruelty's Claw;3
Crunor Idol;3
Crystal Coin;3
Cursed Bone;3
Cursed Wood;3
Cyan Crystal Fragment;3
Dark Bell (Sino);3
Darklight Geode;1
Death Toll;3
Decorative Plume;4
Demon Claws;3
Demon Skull Addon;3
Diabolic Skull;3
Diamond;3
Dragon Figurine;3
Dragonfetish;3
Dream Matter;3
Drome Cube;5
Dust;4
Eldritch Casket;5
Eldritch Crystal;5
Emberwing Figurine;4
Emerald Bangle;3
Empty Surprise Cube;4
Essence of Dread;5
Essence of Wishful Thinking;5
Etcher;5
Exalted Core;5
Extended Promotion Scroll;4
Eye of the Chasm;5
Eye-Embroidered Veil;1
Fiery Horseshoe;3
Fiery Tear;1
Figurine of Cruelty;3
Figurine of Greed;3
Figurine of Hatred;3
Figurine of Malice;3
Figurine of Megalomania;3
Figurine of Spite;3
Final Judgement;0
Firefighting Axe;1
Fireproof Horn;5
Flames of the Percht Queen;1
Gemmed Figurine;3
Ghost Claw;3
Giant Amethyst;3
Giant Emerald;3
Giant Ruby;3
Giant Sapphire;3
Giant Shimmering Pearl;3
Giant Topaz;3
Glooth Bag;3
Goblet of Gloom;3
Gold Coin;0
Gold Ingot;3
Gold Nugget;3
Gold Token;3
Golden Cheese Wedge;5
Golden Dustbin;4
Golden Horseshoe;0
Golden Mask;3
Golden Raid Token;0
Golden Sea Horse Figurine;3
Golden Skull;5
Golden Sun Coin;1
Golden Tiger Coin;0
Gooey Mass;5
Greater Guardian Gem;3
Greater Marksman Gem;3
Greater Mystic Gem;3
Greater Proficiency Catalyst;5
Greater Sage Gem;3
Greater Spiritualist Gem;3
Greed's Arm;0
Green Crystal Fragment;3
Green Crystal Shard;3
Green Crystal Splinter;3
Green Gem;3
Grovebeast Figurine;4
Gruesome Fan;3
Guardian Gem;3
Heart of the Mountain Charm;0
Heavily Rusted Armor;3
Heavily Rusted Helmet;5
Heavily Rusted Legs;5
Heavily Rusted Shield;5
Herald's Insignia;3
Herald's Wings;3
Hexagonal Ruby;1
Horseshoe;0
Ice Shield;3
Icicle (The Percht Queen);5
Intricate Bash Scroll;5
Intricate Blockade Scroll;5
Intricate Chop Scroll;5
Intricate Cloud Fabric Scroll;4
Intricate Demon Presence Scroll;3
Intricate Dragon Hide Scroll;3
Intricate Electrify Scroll;5
Intricate Epiphany Scroll;3
Intricate Featherweight Scroll;5
Intricate Frost Scroll;4
Intricate Lich Shroud Scroll;5
Intricate Precision Scroll;5
Intricate Punch Scroll;5
Intricate Quara Scale Scroll;5
Intricate Reap Scroll;5
Intricate Scorch Scroll;5
Intricate Slash Scroll;5
Intricate Snake Skin Scroll;3
Intricate Strike Scroll;5
Intricate Swiftness Scroll;5
Intricate Vampirism Scroll;3
Intricate Venom Scroll;3
Intricate Vibrancy Scroll;5
Intricate Void Scroll;5
Iron Token;5
Ivory Comb;3
Izcandar's Snow Globe;5
Izcandar's Sundial;5
Jagged Sickle;1
Lesser Guardian Gem;3
Lesser Marksman Gem;3
Lesser Mystic Gem;3
Lesser Sage Gem;3
Lesser Spiritualist Gem;3
Lion Figurine;3
Lots;5
Luminescent Crystal;1
Major Crystalline Token;5
Malice's Horn;3
Malice's Spine;3
Malofur's Lunchbox;5
Marksman Gem;3
Maxxenius Head;5
Medal of Valiance;0
Megalomania's Essence;3
Megalomania's Skull;3
Mind Stone;3
Minor Crystalline Token;4
Moon Pin;0
Moonhunter Figurine;3
Moonlight Crystals;1
Moonstone;3
Morshabaal's Extract;5
Mossmasher Figurine;3
Mucus Plug;5
Mysterious Remains;3
Mystery Box;0
Mystic Gem;3
Noble Amulet;0
Omniphant Figurine;3
Onyx Chip;3
Opal;3
Orichalcum Pearl;3
Ornate Locket;0
Percht Broom;5
Percht Handkerchief;4
Percht Queen's Frozen Heart;5
Petrified Leaf;4
Phoenix Charm;1
Phoenix Egg;5
Plagueroot Offshoot;3
Platinum Coin;0
Platinum Token;0
Pomegranate;3
Portable Flame;1
Powerful Bash Scroll;5
Powerful Blockade Scroll;5
Powerful Chop Scroll;5
Powerful Cloud Fabric Scroll;4
Powerful Demon Presence Scroll;3
Powerful Dragon Hide Scroll;3
Powerful Electrify Scroll;5
Powerful Epiphany Scroll;5
Powerful Featherweight Scroll;5
Powerful Frost Scroll;5
Powerful Lich Shroud Scroll;5
Powerful Precision Scroll;5
Powerful Punch Scroll;5
Powerful Quara Scale Scroll;5
Powerful Reap Scroll;5
Powerful Scorch Scroll;5
Powerful Slash Scroll;5
Powerful Snake Skin Scroll;3
Powerful Strike Scroll;5
Powerful Swiftness Scroll;5
Powerful Vampirism Scroll;3
Powerful Venom Scroll;3
Powerful Vibrancy Scroll;5
Powerful Void Scroll;5
Primal Bag;3
Prismatic Quartz;3
Proficiency Catalyst;2
Rainbow Opal;1
Rainbow Quartz;3
Raw Eye of the Chasm;5
Raw Watermelon Tourmaline;4
Red Crystal Fragment;3
Red Gem;3
Revised Promotion Scroll;4
Rotrender Claw;5
Rotrender Scalp;5
Rotrender's Sceptre;5
Royal Almandine;3
Rusted Armor;3
Rusted Helmet;5
Rusted Legs;5
Rusted Shield;2
Sage Gem;3
Sand-Filled Horn;0
Sandscourge Figurine;4
Scallop Shell;5
Scarab Coin;3
Scrubbing Brush;5
Sea Horse Figurine;3
Shadow Cowl;3
Shaggy Ogre Bag;5
Signet Ring (Valioso);0
Silver Brooch;3
Silver Foxmouse Coin;0
Silver Hand Mirror;3
Silver Moon Coin;0
Silver Raid Token;0
Silver Token;3
Skull Coin;5
Skullfrost Figurine;3
Slightly Rusted Armor;3
Slightly Rusted Helmet;2
Slightly Rusted Legs;3
Slightly Rusted Shield;2
Sliver;3
Small Amethyst;3
Small Diamond;3
Small Emerald;3
Small Enchanted Amethyst;3
Small Enchanted Emerald;3
Small Enchanted Ruby;3
Small Enchanted Sapphire;3
Small Ruby;3
Small Sapphire;3
Small Topaz;3
Snowbash Figurine;4
Soap;5
Solitude Charm;0
Soul Prism;3
Spectral Gold Nugget;1
Spectral Horse Tack;3
Spectral Horseshoe;3
Spectral Saddle;3
Spectral Scrap of Cloth;5
Spectral Silver Nugget;1
Spiritual Charm;0
Spiritual Horseshoe;3
Spiritualist Gem;3
Spite's Spirit;3
Stone of Insight;1
Stone of Wisdom;0
Strange Inedible Fruit;4
String of Mending;5
Sun Brooch;3
Surprise Jar;4
Tagralt-Inlaid Scabbard;3
Talon;3
The Heart of the Sea;5
The Skull of a Beast;3
The Vampire Count's Medal;0
Thundergiant Figurine;3
Tiara;5
Tibia Coins;4
Tiger Eye;3
Tinder Box;4
Titanium Token;5
Token of Love;0
Twin Sun Charm;1
Unicorn Figurine;3
Unicorn Weisswurst;3
Unity Charm;0
Unrealized Dream;3
Vampire Lord Token;3
Vial of Hatred;3
Violet Crystal Shard;3
Violet Gem;3
Watermelon Tourmaline (Fatia);3
Watermelon Tourmaline (Lapidada);4
White Gem;3
White Pearl;3
White Silk Flower;4
Wind-Up Key;0
Wind-Up Loco;5
Yellow Gem;3
Amber Wand;2
Cobra Wand;2
Deepling Ceremonial Dagger;2
Deepling Fork;2
Draining Inferniarch Wand;2
Dream Blossom Staff;3
Eldritch Wand;2
Energized Limb;2
Falcon Wand;2
Ferumbras' Staff (Enchanted Wand);2
Ferumbras' Staff (Wand);2
Gilded Eldritch Wand;2
Grand Sanguine Coil;2
Inferniarch Wand;2
Jungle Wand;2
Lion Wand;2
Naga Wand;2
Rending Inferniarch Wand;2
Sanguine Coil;2
Shimmer Wand;2
Siphoning Inferniarch Wand;2
Sorcerer and Druid Staff;2
Soultainter;2
The Scorcher;2
Wand of Cosmic Energy;3
Wand of Darkness;3
Wand of Decay;3
Wand of Defiance;3
Wand of Destruction;2
Wand of Dimensions;2
Wand of Draconia;3
Wand of Dragonbreath;3
Wand of Everblazing;3
Wand of Inferno;3
Wand of Starstorm;3
Wand of Voodoo;3
Wand of Vortex;3
